unit_number,time_in_cycles,RUL_real,RUL_pred,risk_level_real,risk_level_pred,error_abs
10,55,125.0,124.2624,Low risk,Low risk,0.73760223
10,56,125.0,124.2684,Low risk,Low risk,0.7315979
10,57,125.0,124.27215,Low risk,Low risk,0.72785187
10,58,125.0,124.26694,Low risk,Low risk,0.73306274
10,59,125.0,124.250984,Low risk,Low risk,0.7490158
10,60,125.0,124.24123,Low risk,Low risk,0.7587738
10,61,125.0,124.24691,Low risk,Low risk,0.7530899
10,62,125.0,124.24234,Low risk,Low risk,0.7576599
10,63,125.0,124.225235,Low risk,Low risk,0.774765
10,64,125.0,124.24576,Low risk,Low risk,0.75424194
10,65,125.0,124.252075,Low risk,Low risk,0.7479248
10,66,125.0,124.25542,Low risk,Low risk,0.74458313
10,67,125.0,124.25318,Low risk,Low risk,0.74681854
10,68,125.0,124.2601,Low risk,Low risk,0.7398987
10,69,125.0,124.25369,Low risk,Low risk,0.7463074
10,70,125.0,124.269295,Low risk,Low risk,0.73070526
10,71,125.0,124.27569,Low risk,Low risk,0.7243118
10,72,125.0,124.26305,Low risk,Low risk,0.73695374
10,73,125.0,124.26235,Low risk,Low risk,0.737648
10,74,125.0,124.263824,Low risk,Low risk,0.73617554
10,75,125.0,124.26404,Low risk,Low risk,0.7359619
10,76,125.0,124.230606,Low risk,Low risk,0.7693939
10,77,125.0,124.22303,Low risk,Low risk,0.7769699
10,78,125.0,124.21988,Low risk,Low risk,0.78012085
10,79,125.0,124.20743,Low risk,Low risk,0.792572
10,80,125.0,124.23994,Low risk,Low risk,0.7600632
10,81,125.0,124.2637,Low risk,Low risk,0.7362976
10,82,125.0,124.23548,Low risk,Low risk,0.76451874
10,83,125.0,124.1792,Low risk,Low risk,0.8208008
10,84,125.0,124.210205,Low risk,Low risk,0.7897949
10,85,125.0,124.169205,Low risk,Low risk,0.8307953
10,86,125.0,124.19497,Low risk,Low risk,0.8050308
10,87,125.0,124.14838,Low risk,Low risk,0.85162354
10,88,125.0,124.00033,Low risk,Low risk,0.99967194
10,89,125.0,124.13817,Low risk,Low risk,0.86183167
10,90,125.0,124.16962,Low risk,Low risk,0.8303833
10,91,125.0,124.15315,Low risk,Low risk,0.84684753
10,92,125.0,124.21532,Low risk,Low risk,0.7846832
10,93,125.0,124.180435,Low risk,Low risk,0.8195648
10,94,125.0,124.2218,Low risk,Low risk,0.77819824
10,95,125.0,124.21506,Low risk,Low risk,0.7849426
10,96,125.0,124.175514,Low risk,Low risk,0.8244858
10,97,125.0,124.17256,Low risk,Low risk,0.82743835
10,98,124.0,124.173325,Low risk,Low risk,0.17332458
10,99,123.0,124.20772,Low risk,Low risk,1.2077179
10,100,122.0,124.189896,Low risk,Low risk,2.1898956
10,101,121.0,124.219894,Low risk,Low risk,3.2198944
10,102,120.0,124.2397,Low risk,Low risk,4.2397003
10,103,119.0,124.248886,Low risk,Low risk,5.248886
10,104,118.0,124.16794,Low risk,Low risk,6.167938
10,105,117.0,124.13124,Low risk,Low risk,7.131241
10,106,116.0,124.087845,Low risk,Low risk,8.087845
10,107,115.0,124.042206,Low risk,Low risk,9.042206
10,108,114.0,123.79022,Low risk,Low risk,9.790222
10,109,113.0,123.982376,Low risk,Low risk,10.982376
10,110,112.0,123.82573,Low risk,Low risk,11.825729
10,111,111.0,122.5865,Low risk,Low risk,11.586502
10,112,110.0,121.51616,Low risk,Low risk,11.516159
10,113,109.0,121.59277,Low risk,Low risk,12.592773
10,114,108.0,121.848274,Low risk,Low risk,13.848274
10,115,107.0,119.21739,Low risk,Low risk,12.217392
10,116,106.0,118.48831,Low risk,Low risk,12.488312
10,117,105.0,117.80357,Low risk,Low risk,12.803574
10,118,104.0,114.052414,Low risk,Low risk,10.052414
10,119,103.0,114.651855,Low risk,Low risk,11.651855
10,120,102.0,113.219124,Low risk,Low risk,11.219124
10,121,101.0,114.810196,Low risk,Low risk,13.810196
10,122,100.0,109.31734,Low risk,Low risk,9.317337
10,123,99.0,110.65032,Low risk,Low risk,11.650322
10,124,98.0,109.609,Low risk,Low risk,11.609001
10,125,97.0,111.584015,Low risk,Low risk,14.584015
10,126,96.0,110.85428,Low risk,Low risk,14.854279
10,127,95.0,108.17026,Low risk,Low risk,13.170258
10,128,94.0,100.15417,Low risk,Low risk,6.154167
10,129,93.0,85.006195,Low risk,Medium risk,7.993805
10,130,92.0,76.90642,Low risk,Medium risk,15.093582
10,131,91.0,76.87081,Low risk,Medium risk,14.129189
10,132,90.0,83.56897,Medium risk,Medium risk,6.4310303
10,133,89.0,88.088196,Medium risk,Medium risk,0.9118042
10,134,88.0,96.75972,Medium risk,Low risk,8.75972
10,135,87.0,100.657715,Medium risk,Low risk,13.657715
10,136,86.0,102.50473,Medium risk,Low risk,16.50473
10,137,85.0,102.63126,Medium risk,Low risk,17.631264
10,138,84.0,103.907974,Medium risk,Low risk,19.907974
10,139,83.0,106.1224,Medium risk,Low risk,23.122398
10,140,82.0,105.59375,Medium risk,Low risk,23.59375
10,141,81.0,98.52602,Medium risk,Low risk,17.526016
10,142,80.0,103.099495,Medium risk,Low risk,23.099495
10,143,79.0,109.42038,Medium risk,Low risk,30.42038
10,144,78.0,108.65003,Medium risk,Low risk,30.650032
10,145,77.0,107.849014,Medium risk,Low risk,30.849014
10,146,76.0,105.37016,Medium risk,Low risk,29.370163
10,147,75.0,96.8484,Medium risk,Low risk,21.848396
10,148,74.0,86.270515,Medium risk,Medium risk,12.270515
10,149,73.0,85.807304,Medium risk,Medium risk,12.807304
10,150,72.0,93.682884,Medium risk,Low risk,21.682884
10,151,71.0,92.58769,Medium risk,Low risk,21.587692
10,152,70.0,84.766365,Medium risk,Medium risk,14.766365
10,153,69.0,82.962,Medium risk,Medium risk,13.961998
10,154,68.0,94.69268,Medium risk,Low risk,26.69268
10,155,67.0,94.87416,Medium risk,Low risk,27.87416
10,156,66.0,93.25297,Medium risk,Low risk,27.252968
10,157,65.0,83.69316,Medium risk,Medium risk,18.693161
10,158,64.0,68.32863,Medium risk,Medium risk,4.3286285
10,159,63.0,62.851357,Medium risk,Medium risk,0.1486435
10,160,62.0,59.07592,Medium risk,Medium risk,2.92408
10,161,61.0,60.421684,Medium risk,Medium risk,0.57831573
10,162,60.0,58.65857,Medium risk,Medium risk,1.3414307
10,163,59.0,53.26656,Medium risk,Medium risk,5.7334404
10,164,58.0,48.837063,Medium risk,Medium risk,9.162937
10,165,57.0,54.270866,Medium risk,Medium risk,2.7291336
10,166,56.0,49.40653,Medium risk,Medium risk,6.5934715
10,167,55.0,48.71528,Medium risk,Medium risk,6.2847214
10,168,54.0,48.655235,Medium risk,Medium risk,5.3447647
10,169,53.0,46.97854,Medium risk,Medium risk,6.0214615
10,170,52.0,45.945984,Medium risk,Medium risk,6.054016
10,171,51.0,50.087994,Medium risk,Medium risk,0.9120064
10,172,50.0,46.244637,Medium risk,Medium risk,3.7553635
10,173,49.0,44.897995,Medium risk,High risk,4.102005
10,174,48.0,44.59246,Medium risk,High risk,3.4075394
10,175,47.0,40.8674,Medium risk,High risk,6.132599
10,176,46.0,40.169884,Medium risk,High risk,5.8301163
10,177,45.0,41.47753,High risk,High risk,3.5224686
10,178,44.0,43.15933,High risk,High risk,0.84067154
10,179,43.0,42.802086,High risk,High risk,0.19791412
10,180,42.0,41.895493,High risk,High risk,0.10450745
10,181,41.0,41.181374,High risk,High risk,0.1813736
10,182,40.0,43.222164,High risk,High risk,3.2221642
10,183,39.0,43.518494,High risk,High risk,4.5184937
10,184,38.0,41.94689,High risk,High risk,3.9468918
10,185,37.0,42.552895,High risk,High risk,5.5528946
10,186,36.0,41.89402,High risk,High risk,5.89402
10,187,35.0,37.551956,High risk,High risk,2.5519562
10,188,34.0,35.68174,High risk,High risk,1.6817398
10,189,33.0,36.99431,High risk,High risk,3.9943085
10,190,32.0,35.257523,High risk,High risk,3.2575226
10,191,31.0,37.128105,High risk,High risk,6.128105
10,192,30.0,35.77806,High risk,High risk,5.778061
10,193,29.0,32.468716,High risk,High risk,3.4687157
10,194,28.0,28.668419,High risk,High risk,0.6684189
10,195,27.0,30.030884,High risk,High risk,3.0308838
10,196,26.0,28.671034,High risk,High risk,2.6710339
10,197,25.0,29.524916,High risk,High risk,4.5249157
10,198,24.0,27.925224,High risk,High risk,3.9252243
10,199,23.0,29.476917,High risk,High risk,6.4769173
10,200,22.0,25.902721,High risk,High risk,3.9027214
10,201,21.0,26.311697,High risk,High risk,5.311697
10,202,20.0,24.747532,High risk,High risk,4.747532
10,203,19.0,22.0075,High risk,High risk,3.0074997
10,204,18.0,20.63158,High risk,High risk,2.6315804
10,205,17.0,20.86003,High risk,High risk,3.8600292
10,206,16.0,19.987446,High risk,High risk,3.9874458
10,207,15.0,21.179157,High risk,High risk,6.1791573
10,208,14.0,23.074207,High risk,High risk,9.074207
10,209,13.0,28.464546,High risk,High risk,15.464546
10,210,12.0,26.029568,High risk,High risk,14.029568
10,211,11.0,24.77575,High risk,High risk,13.775749
10,212,10.0,22.98527,High risk,High risk,12.98527
10,213,9.0,16.779482,High risk,High risk,7.779482
10,214,8.0,16.454094,High risk,High risk,8.454094
10,215,7.0,18.127453,High risk,High risk,11.127453
10,216,6.0,17.004944,High risk,High risk,11.004944
10,217,5.0,13.844965,High risk,High risk,8.844965
10,218,4.0,13.764474,High risk,High risk,9.764474
10,219,3.0,13.520785,High risk,High risk,10.520785
10,220,2.0,12.633199,High risk,High risk,10.633199
10,221,1.0,10.736083,High risk,High risk,9.736083
10,222,0.0,10.427199,High risk,High risk,10.427199
34,55,125.0,123.57121,Low risk,Low risk,1.4287872
34,56,125.0,123.74952,Low risk,Low risk,1.2504807
34,57,125.0,123.887314,Low risk,Low risk,1.1126862
34,58,125.0,124.00954,Low risk,Low risk,0.99046326
34,59,125.0,124.13515,Low risk,Low risk,0.8648529
34,60,125.0,124.11886,Low risk,Low risk,0.88114166
34,61,125.0,123.97248,Low risk,Low risk,1.0275192
34,62,125.0,123.97876,Low risk,Low risk,1.0212402
34,63,125.0,123.5391,Low risk,Low risk,1.4608994
34,64,125.0,123.32008,Low risk,Low risk,1.6799164
34,65,125.0,123.84425,Low risk,Low risk,1.1557465
34,66,125.0,123.975815,Low risk,Low risk,1.0241852
34,67,125.0,124.104614,Low risk,Low risk,0.89538574
34,68,125.0,124.0256,Low risk,Low risk,0.9744034
34,69,125.0,124.07103,Low risk,Low risk,0.92897034
34,70,125.0,123.79978,Low risk,Low risk,1.2002182
34,71,124.0,123.67119,Low risk,Low risk,0.32881165
34,72,123.0,123.29812,Low risk,Low risk,0.2981186
34,73,122.0,123.15935,Low risk,Low risk,1.1593475
34,74,121.0,123.32079,Low risk,Low risk,2.3207932
34,75,120.0,123.48613,Low risk,Low risk,3.4861298
34,76,119.0,123.54021,Low risk,Low risk,4.540207
34,77,118.0,123.51044,Low risk,Low risk,5.510437
34,78,117.0,123.39305,Low risk,Low risk,6.393051
34,79,116.0,123.37428,Low risk,Low risk,7.374283
34,80,115.0,123.2524,Low risk,Low risk,8.252403
34,81,114.0,123.267685,Low risk,Low risk,9.267685
34,82,113.0,122.32411,Low risk,Low risk,9.324112
34,83,112.0,122.1349,Low risk,Low risk,10.134903
34,84,111.0,122.16933,Low risk,Low risk,11.169327
34,85,110.0,120.46811,Low risk,Low risk,10.468109
34,86,109.0,121.632095,Low risk,Low risk,12.632095
34,87,108.0,122.4514,Low risk,Low risk,14.451401
34,88,107.0,122.65158,Low risk,Low risk,15.651581
34,89,106.0,121.87735,Low risk,Low risk,15.87735
34,90,105.0,122.383194,Low risk,Low risk,17.383194
34,91,104.0,122.95497,Low risk,Low risk,18.954971
34,92,103.0,123.656044,Low risk,Low risk,20.656044
34,93,102.0,123.621765,Low risk,Low risk,21.621765
34,94,101.0,123.87382,Low risk,Low risk,22.873817
34,95,100.0,123.78824,Low risk,Low risk,23.788239
34,96,99.0,123.42049,Low risk,Low risk,24.420486
34,97,98.0,123.59786,Low risk,Low risk,25.597862
34,98,97.0,123.72516,Low risk,Low risk,26.725159
34,99,96.0,123.96755,Low risk,Low risk,27.967552
34,100,95.0,124.08775,Low risk,Low risk,29.087753
34,101,94.0,123.564545,Low risk,Low risk,29.564545
34,102,93.0,123.55959,Low risk,Low risk,30.559593
34,103,92.0,123.42826,Low risk,Low risk,31.42826
34,104,91.0,122.785736,Low risk,Low risk,31.785736
34,105,90.0,121.583176,Medium risk,Low risk,31.583176
34,106,89.0,120.98174,Medium risk,Low risk,31.981743
34,107,88.0,117.30735,Medium risk,Low risk,29.30735
34,108,87.0,115.00041,Medium risk,Low risk,28.000412
34,109,86.0,114.19163,Medium risk,Low risk,28.191628
34,110,85.0,115.497314,Medium risk,Low risk,30.497314
34,111,84.0,113.624725,Medium risk,Low risk,29.624725
34,112,83.0,115.53743,Medium risk,Low risk,32.53743
34,113,82.0,114.21884,Medium risk,Low risk,32.21884
34,114,81.0,115.75662,Medium risk,Low risk,34.756622
34,115,80.0,117.04289,Medium risk,Low risk,37.042892
34,116,79.0,114.8703,Medium risk,Low risk,35.8703
34,117,78.0,118.11568,Medium risk,Low risk,40.115677
34,118,77.0,118.97388,Medium risk,Low risk,41.973877
34,119,76.0,119.822525,Medium risk,Low risk,43.822525
34,120,75.0,118.04256,Medium risk,Low risk,43.042557
34,121,74.0,118.558685,Medium risk,Low risk,44.558685
34,122,73.0,118.38295,Medium risk,Low risk,45.38295
34,123,72.0,117.980415,Medium risk,Low risk,45.980415
34,124,71.0,114.91406,Medium risk,Low risk,43.914062
34,125,70.0,110.2751,Medium risk,Low risk,40.2751
34,126,69.0,106.45356,Medium risk,Low risk,37.45356
34,127,68.0,104.38711,Medium risk,Low risk,36.387108
34,128,67.0,94.295,Medium risk,Low risk,27.294998
34,129,66.0,89.40599,Medium risk,Medium risk,23.40599
34,130,65.0,92.25682,Medium risk,Low risk,27.25682
34,131,64.0,86.38141,Medium risk,Medium risk,22.381409
34,132,63.0,86.31789,Medium risk,Medium risk,23.317886
34,133,62.0,80.43132,Medium risk,Medium risk,18.43132
34,134,61.0,76.33907,Medium risk,Medium risk,15.339073
34,135,60.0,77.22872,Medium risk,Medium risk,17.228722
34,136,59.0,78.48613,Medium risk,Medium risk,19.48613
34,137,58.0,79.75946,Medium risk,Medium risk,21.75946
34,138,57.0,78.744736,Medium risk,Medium risk,21.744736
34,139,56.0,79.4684,Medium risk,Medium risk,23.4684
34,140,55.0,76.95328,Medium risk,Medium risk,21.953278
34,141,54.0,77.434616,Medium risk,Medium risk,23.434616
34,142,53.0,80.53148,Medium risk,Medium risk,27.531479
34,143,52.0,82.6698,Medium risk,Medium risk,30.6698
34,144,51.0,80.53019,Medium risk,Medium risk,29.53019
34,145,50.0,80.81462,Medium risk,Medium risk,30.814621
34,146,49.0,79.90318,Medium risk,Medium risk,30.903183
34,147,48.0,81.83667,Medium risk,Medium risk,33.83667
34,148,47.0,78.18559,Medium risk,Medium risk,31.185593
34,149,46.0,77.8195,Medium risk,Medium risk,31.819504
34,150,45.0,76.17647,High risk,Medium risk,31.176468
34,151,44.0,77.99561,High risk,Medium risk,33.995613
34,152,43.0,71.6382,High risk,Medium risk,28.638199
34,153,42.0,69.152664,High risk,Medium risk,27.152664
34,154,41.0,54.927456,High risk,Medium risk,13.927456
34,155,40.0,54.79014,High risk,Medium risk,14.790138
34,156,39.0,54.172638,High risk,Medium risk,15.172638
34,157,38.0,55.319725,High risk,Medium risk,17.319725
34,158,37.0,51.242107,High risk,Medium risk,14.242107
34,159,36.0,46.656055,High risk,Medium risk,10.656055
34,160,35.0,57.369873,High risk,Medium risk,22.369873
34,161,34.0,63.87152,High risk,Medium risk,29.871521
34,162,33.0,65.20511,High risk,Medium risk,32.20511
34,163,32.0,61.609966,High risk,Medium risk,29.609966
34,164,31.0,59.27305,High risk,Medium risk,28.273048
34,165,30.0,45.62363,High risk,Medium risk,15.623631
34,166,29.0,45.31153,High risk,Medium risk,16.311531
34,167,28.0,37.258568,High risk,High risk,9.258568
34,168,27.0,37.64367,High risk,High risk,10.643669
34,169,26.0,35.255318,High risk,High risk,9.255318
34,170,25.0,36.674637,High risk,High risk,11.674637
34,171,24.0,42.724007,High risk,High risk,18.724007
34,172,23.0,41.30946,High risk,High risk,18.30946
34,173,22.0,35.490696,High risk,High risk,13.490696
34,174,21.0,33.957466,High risk,High risk,12.957466
34,175,20.0,31.349113,High risk,High risk,11.349113
34,176,19.0,30.592241,High risk,High risk,11.592241
34,177,18.0,28.203451,High risk,High risk,10.203451
34,178,17.0,24.365166,High risk,High risk,7.3651657
34,179,16.0,21.881807,High risk,High risk,5.8818073
34,180,15.0,20.831505,High risk,High risk,5.831505
34,181,14.0,22.046444,High risk,High risk,8.046444
34,182,13.0,19.400414,High risk,High risk,6.4004135
34,183,12.0,16.587425,High risk,High risk,4.587425
34,184,11.0,16.332075,High risk,High risk,5.332075
34,185,10.0,13.936631,High risk,High risk,3.9366312
34,186,9.0,11.396388,High risk,High risk,2.396388
34,187,8.0,10.34625,High risk,High risk,2.3462496
34,188,7.0,8.973926,High risk,High risk,1.9739256
34,189,6.0,7.884873,High risk,High risk,1.8848729
34,190,5.0,7.2235875,High risk,High risk,2.2235875
34,191,4.0,6.5991035,High risk,High risk,2.5991035
34,192,3.0,6.0522256,High risk,High risk,3.0522256
34,193,2.0,5.7047257,High risk,High risk,3.7047257
34,194,1.0,5.2155623,High risk,High risk,4.2155623
34,195,0.0,4.430157,High risk,High risk,4.430157
36,55,103.0,116.71774,Low risk,Low risk,13.717743
36,56,102.0,114.97368,Low risk,Low risk,12.973679
36,57,101.0,114.88883,Low risk,Low risk,13.888832
36,58,100.0,114.96931,Low risk,Low risk,14.969307
36,59,99.0,114.23027,Low risk,Low risk,15.23027
36,60,98.0,114.90367,Low risk,Low risk,16.903671
36,61,97.0,111.047714,Low risk,Low risk,14.047714
36,62,96.0,105.14955,Low risk,Low risk,9.149551
36,63,95.0,110.1667,Low risk,Low risk,15.166702
36,64,94.0,112.18089,Low risk,Low risk,18.180893
36,65,93.0,113.59076,Low risk,Low risk,20.59076
36,66,92.0,113.690796,Low risk,Low risk,21.690796
36,67,91.0,107.10504,Low risk,Low risk,16.105042
36,68,90.0,114.51982,Medium risk,Low risk,24.519821
36,69,89.0,117.105354,Medium risk,Low risk,28.105354
36,70,88.0,116.65983,Medium risk,Low risk,28.659828
36,71,87.0,120.42422,Medium risk,Low risk,33.424217
36,72,86.0,119.582466,Medium risk,Low risk,33.582466
36,73,85.0,122.48659,Medium risk,Low risk,37.486588
36,74,84.0,123.545204,Medium risk,Low risk,39.545204
36,75,83.0,123.78865,Medium risk,Low risk,40.78865
36,76,82.0,123.6857,Medium risk,Low risk,41.6857
36,77,81.0,121.4962,Medium risk,Low risk,40.4962
36,78,80.0,111.555016,Medium risk,Low risk,31.555016
36,79,79.0,107.83467,Medium risk,Low risk,28.834671
36,80,78.0,100.53075,Medium risk,Low risk,22.530746
36,81,77.0,99.93991,Medium risk,Low risk,22.93991
36,82,76.0,98.86431,Medium risk,Low risk,22.864311
36,83,75.0,92.72039,Medium risk,Low risk,17.72039
36,84,74.0,95.925095,Medium risk,Low risk,21.925095
36,85,73.0,96.68245,Medium risk,Low risk,23.68245
36,86,72.0,98.99615,Medium risk,Low risk,26.996147
36,87,71.0,102.309166,Medium risk,Low risk,31.309166
36,88,70.0,100.9023,Medium risk,Low risk,30.902298
36,89,69.0,100.615326,Medium risk,Low risk,31.615326
36,90,68.0,106.70203,Medium risk,Low risk,38.702026
36,91,67.0,108.98689,Medium risk,Low risk,41.986893
36,92,66.0,112.988815,Medium risk,Low risk,46.988815
36,93,65.0,116.40733,Medium risk,Low risk,51.407333
36,94,64.0,115.27398,Medium risk,Low risk,51.27398
36,95,63.0,110.75257,Medium risk,Low risk,47.75257
36,96,62.0,108.91799,Medium risk,Low risk,46.91799
36,97,61.0,111.68308,Medium risk,Low risk,50.683083
36,98,60.0,111.027985,Medium risk,Low risk,51.027985
36,99,59.0,111.4196,Medium risk,Low risk,52.4196
36,100,58.0,111.702576,Medium risk,Low risk,53.702576
36,101,57.0,109.511086,Medium risk,Low risk,52.511086
36,102,56.0,97.9405,Medium risk,Low risk,41.9405
36,103,55.0,89.79065,Medium risk,Medium risk,34.79065
36,104,54.0,85.25636,Medium risk,Medium risk,31.256363
36,105,53.0,95.606926,Medium risk,Low risk,42.606926
36,106,52.0,81.59645,Medium risk,Medium risk,29.59645
36,107,51.0,77.2941,Medium risk,Medium risk,26.294098
36,108,50.0,78.16136,Medium risk,Medium risk,28.161362
36,109,49.0,75.15369,Medium risk,Medium risk,26.153687
36,110,48.0,72.49034,Medium risk,Medium risk,24.490341
36,111,47.0,67.92925,Medium risk,Medium risk,20.929253
36,112,46.0,60.075714,Medium risk,Medium risk,14.075714
36,113,45.0,57.83737,High risk,Medium risk,12.837372
36,114,44.0,55.304077,High risk,Medium risk,11.304077
36,115,43.0,55.537384,High risk,Medium risk,12.537384
36,116,42.0,52.176247,High risk,Medium risk,10.176247
36,117,41.0,51.7856,High risk,Medium risk,10.785599
36,118,40.0,51.97278,High risk,Medium risk,11.972778
36,119,39.0,54.79794,High risk,Medium risk,15.797939
36,120,38.0,56.081043,High risk,Medium risk,18.081043
36,121,37.0,55.331207,High risk,Medium risk,18.331207
36,122,36.0,57.78557,High risk,Medium risk,21.785568
36,123,35.0,50.8416,High risk,Medium risk,15.8415985
36,124,34.0,50.081486,High risk,Medium risk,16.081486
36,125,33.0,48.89319,High risk,Medium risk,15.893188
36,126,32.0,48.90484,High risk,Medium risk,16.904839
36,127,31.0,48.58963,High risk,Medium risk,17.58963
36,128,30.0,48.51149,High risk,Medium risk,18.51149
36,129,29.0,44.598885,High risk,High risk,15.598885
36,130,28.0,41.86226,High risk,High risk,13.862259
36,131,27.0,39.397354,High risk,High risk,12.397354
36,132,26.0,37.195423,High risk,High risk,11.195423
36,133,25.0,34.643234,High risk,High risk,9.643234
36,134,24.0,28.682545,High risk,High risk,4.6825447
36,135,23.0,24.407917,High risk,High risk,1.407917
36,136,22.0,26.100859,High risk,High risk,4.1008587
36,137,21.0,27.825832,High risk,High risk,6.8258324
36,138,20.0,23.850338,High risk,High risk,3.850338
36,139,19.0,27.600922,High risk,High risk,8.600922
36,140,18.0,23.603767,High risk,High risk,5.6037674
36,141,17.0,28.684444,High risk,High risk,11.684444
36,142,16.0,28.980385,High risk,High risk,12.980385
36,143,15.0,26.918957,High risk,High risk,11.918957
36,144,14.0,22.482418,High risk,High risk,8.482418
36,145,13.0,20.834705,High risk,High risk,7.8347054
36,146,12.0,19.142754,High risk,High risk,7.1427536
36,147,11.0,15.746273,High risk,High risk,4.746273
36,148,10.0,16.377594,High risk,High risk,6.377594
36,149,9.0,15.308842,High risk,High risk,6.3088417
36,150,8.0,15.214488,High risk,High risk,7.214488
36,151,7.0,13.6361265,High risk,High risk,6.6361265
36,152,6.0,13.215634,High risk,High risk,7.2156343
36,153,5.0,12.933417,High risk,High risk,7.9334173
36,154,4.0,11.4263525,High risk,High risk,7.4263525
36,155,3.0,10.195763,High risk,High risk,7.1957626
36,156,2.0,9.725811,High risk,High risk,7.725811
36,157,1.0,9.365439,High risk,High risk,8.365439
36,158,0.0,8.160585,High risk,High risk,8.160585
52,55,125.0,122.52895,Low risk,Low risk,2.4710464
52,56,125.0,123.23891,Low risk,Low risk,1.7610931
52,57,125.0,122.89675,Low risk,Low risk,2.1032486
52,58,125.0,122.68919,Low risk,Low risk,2.3108063
52,59,125.0,123.06031,Low risk,Low risk,1.9396896
52,60,125.0,122.709366,Low risk,Low risk,2.2906342
52,61,125.0,121.03454,Low risk,Low risk,3.9654617
52,62,125.0,121.77484,Low risk,Low risk,3.2251587
52,63,125.0,120.63937,Low risk,Low risk,4.360626
52,64,125.0,121.331696,Low risk,Low risk,3.6683044
52,65,125.0,122.60795,Low risk,Low risk,2.3920517
52,66,125.0,121.81436,Low risk,Low risk,3.1856384
52,67,125.0,121.76715,Low risk,Low risk,3.2328491
52,68,125.0,120.14042,Low risk,Low risk,4.859581
52,69,125.0,119.437,Low risk,Low risk,5.5630035
52,70,125.0,117.04852,Low risk,Low risk,7.951477
52,71,125.0,113.54442,Low risk,Low risk,11.455582
52,72,125.0,112.13527,Low risk,Low risk,12.864731
52,73,125.0,111.407425,Low risk,Low risk,13.592575
52,74,125.0,110.816185,Low risk,Low risk,14.183815
52,75,125.0,113.80058,Low risk,Low risk,11.199417
52,76,125.0,115.375336,Low risk,Low risk,9.624664
52,77,125.0,116.67821,Low risk,Low risk,8.321793
52,78,125.0,122.42746,Low risk,Low risk,2.5725403
52,79,125.0,123.24144,Low risk,Low risk,1.7585602
52,80,125.0,123.42142,Low risk,Low risk,1.5785828
52,81,125.0,123.70801,Low risk,Low risk,1.2919922
52,82,125.0,123.77127,Low risk,Low risk,1.2287292
52,83,125.0,123.647156,Low risk,Low risk,1.3528442
52,84,125.0,123.42029,Low risk,Low risk,1.5797119
52,85,125.0,123.04457,Low risk,Low risk,1.9554291
52,86,125.0,122.7741,Low risk,Low risk,2.2258987
52,87,125.0,122.69765,Low risk,Low risk,2.302353
52,88,125.0,123.81081,Low risk,Low risk,1.1891937
52,89,124.0,123.81035,Low risk,Low risk,0.18965149
52,90,123.0,123.752464,Low risk,Low risk,0.7524643
52,91,122.0,124.07091,Low risk,Low risk,2.0709076
52,92,121.0,124.13277,Low risk,Low risk,3.1327667
52,93,120.0,123.74596,Low risk,Low risk,3.7459564
52,94,119.0,123.59456,Low risk,Low risk,4.5945587
52,95,118.0,122.87295,Low risk,Low risk,4.8729477
52,96,117.0,122.939575,Low risk,Low risk,5.939575
52,97,116.0,123.78793,Low risk,Low risk,7.7879333
52,98,115.0,124.563065,Low risk,Low risk,9.563065
52,99,114.0,123.955795,Low risk,Low risk,9.955795
52,100,113.0,123.755646,Low risk,Low risk,10.755646
52,101,112.0,123.71527,Low risk,Low risk,11.715271
52,102,111.0,123.590164,Low risk,Low risk,12.590164
52,103,110.0,123.68437,Low risk,Low risk,13.684372
52,104,109.0,122.00227,Low risk,Low risk,13.002274
52,105,108.0,123.20255,Low risk,Low risk,15.202553
52,106,107.0,122.25198,Low risk,Low risk,15.251984
52,107,106.0,121.00659,Low risk,Low risk,15.006592
52,108,105.0,121.57969,Low risk,Low risk,16.579689
52,109,104.0,122.027985,Low risk,Low risk,18.027985
52,110,103.0,122.180176,Low risk,Low risk,19.180176
52,111,102.0,122.31181,Low risk,Low risk,20.311813
52,112,101.0,119.328995,Low risk,Low risk,18.328995
52,113,100.0,122.65244,Low risk,Low risk,22.652443
52,114,99.0,123.07088,Low risk,Low risk,24.070877
52,115,98.0,124.1606,Low risk,Low risk,26.160599
52,116,97.0,124.19617,Low risk,Low risk,27.196167
52,117,96.0,121.29166,Low risk,Low risk,25.291656
52,118,95.0,101.0027,Low risk,Low risk,6.002701
52,119,94.0,86.20354,Low risk,Medium risk,7.796463
52,120,93.0,99.29579,Low risk,Low risk,6.2957916
52,121,92.0,83.83496,Low risk,Medium risk,8.165039
52,122,91.0,96.1456,Low risk,Low risk,5.1455994
52,123,90.0,86.77031,Medium risk,Medium risk,3.2296906
52,124,89.0,119.31014,Medium risk,Low risk,30.310143
52,125,88.0,106.09297,Medium risk,Low risk,18.092972
52,126,87.0,121.0269,Medium risk,Low risk,34.0269
52,127,86.0,121.25264,Medium risk,Low risk,35.25264
52,128,85.0,121.73262,Medium risk,Low risk,36.73262
52,129,84.0,123.12717,Medium risk,Low risk,39.127167
52,130,83.0,122.539444,Medium risk,Low risk,39.539444
52,131,82.0,119.81662,Medium risk,Low risk,37.81662
52,132,81.0,118.99097,Medium risk,Low risk,37.990967
52,133,80.0,115.5034,Medium risk,Low risk,35.503403
52,134,79.0,98.343124,Medium risk,Low risk,19.343124
52,135,78.0,85.59436,Medium risk,Medium risk,7.5943604
52,136,77.0,90.04685,Medium risk,Low risk,13.046852
52,137,76.0,95.75477,Medium risk,Low risk,19.754768
52,138,75.0,95.40648,Medium risk,Low risk,20.406479
52,139,74.0,95.49661,Medium risk,Low risk,21.496613
52,140,73.0,93.02881,Medium risk,Low risk,20.028809
52,141,72.0,94.18162,Medium risk,Low risk,22.181618
52,142,71.0,99.03267,Medium risk,Low risk,28.03267
52,143,70.0,102.28665,Medium risk,Low risk,32.28665
52,144,69.0,94.66124,Medium risk,Low risk,25.66124
52,145,68.0,93.68097,Medium risk,Low risk,25.68097
52,146,67.0,97.773544,Medium risk,Low risk,30.773544
52,147,66.0,102.36252,Medium risk,Low risk,36.36252
52,148,65.0,101.36036,Medium risk,Low risk,36.36036
52,149,64.0,94.94632,Medium risk,Low risk,30.94632
52,150,63.0,85.68989,Medium risk,Medium risk,22.689888
52,151,62.0,85.06839,Medium risk,Medium risk,23.06839
52,152,61.0,85.58512,Medium risk,Medium risk,24.585121
52,153,60.0,79.67277,Medium risk,Medium risk,19.672768
52,154,59.0,78.32477,Medium risk,Medium risk,19.324768
52,155,58.0,73.0288,Medium risk,Medium risk,15.028801
52,156,57.0,74.72068,Medium risk,Medium risk,17.72068
52,157,56.0,68.131744,Medium risk,Medium risk,12.131744
52,158,55.0,69.148384,Medium risk,Medium risk,14.148384
52,159,54.0,74.04555,Medium risk,Medium risk,20.045547
52,160,53.0,69.54376,Medium risk,Medium risk,16.543762
52,161,52.0,70.87243,Medium risk,Medium risk,18.872429
52,162,51.0,76.12093,Medium risk,Medium risk,25.120934
52,163,50.0,73.71388,Medium risk,Medium risk,23.713882
52,164,49.0,78.32233,Medium risk,Medium risk,29.322327
52,165,48.0,77.04443,Medium risk,Medium risk,29.044434
52,166,47.0,78.81241,Medium risk,Medium risk,31.812408
52,167,46.0,72.18771,Medium risk,Medium risk,26.187714
52,168,45.0,66.15177,High risk,Medium risk,21.151772
52,169,44.0,53.497658,High risk,Medium risk,9.497658
52,170,43.0,51.39892,High risk,Medium risk,8.398918
52,171,42.0,52.238804,High risk,Medium risk,10.238804
52,172,41.0,52.85411,High risk,Medium risk,11.854111
52,173,40.0,49.363476,High risk,Medium risk,9.363476
52,174,39.0,49.13934,High risk,Medium risk,10.139339
52,175,38.0,46.343204,High risk,Medium risk,8.3432045
52,176,37.0,44.47912,High risk,High risk,7.4791183
52,177,36.0,42.58298,High risk,High risk,6.582981
52,178,35.0,46.923378,High risk,Medium risk,11.923378
52,179,34.0,44.28827,High risk,High risk,10.288269
52,180,33.0,38.017426,High risk,High risk,5.0174255
52,181,32.0,38.045753,High risk,High risk,6.0457535
52,182,31.0,36.53808,High risk,High risk,5.5380783
52,183,30.0,34.149033,High risk,High risk,4.1490326
52,184,29.0,33.053734,High risk,High risk,4.053734
52,185,28.0,33.750893,High risk,High risk,5.7508926
52,186,27.0,29.323006,High risk,High risk,2.3230057
52,187,26.0,31.590757,High risk,High risk,5.5907574
52,188,25.0,37.348602,High risk,High risk,12.348602
52,189,24.0,45.80663,High risk,Medium risk,21.80663
52,190,23.0,52.161995,High risk,Medium risk,29.161995
52,191,22.0,39.50296,High risk,High risk,17.50296
52,192,21.0,38.848236,High risk,High risk,17.848236
52,193,20.0,40.772705,High risk,High risk,20.772705
52,194,19.0,32.118053,High risk,High risk,13.118053
52,195,18.0,32.51893,High risk,High risk,14.518929
52,196,17.0,25.814049,High risk,High risk,8.814049
52,197,16.0,28.908527,High risk,High risk,12.908527
52,198,15.0,27.04513,High risk,High risk,12.04513
52,199,14.0,23.810768,High risk,High risk,9.810768
52,200,13.0,26.12117,High risk,High risk,13.12117
52,201,12.0,23.386066,High risk,High risk,11.386066
52,202,11.0,24.801243,High risk,High risk,13.801243
52,203,10.0,22.924646,High risk,High risk,12.924646
52,204,9.0,26.574726,High risk,High risk,17.574726
52,205,8.0,24.79216,High risk,High risk,16.79216
52,206,7.0,20.646097,High risk,High risk,13.646097
52,207,6.0,17.758957,High risk,High risk,11.758957
52,208,5.0,20.585289,High risk,High risk,15.585289
52,209,4.0,17.817547,High risk,High risk,13.817547
52,210,3.0,16.834173,High risk,High risk,13.834173
52,211,2.0,15.940303,High risk,High risk,13.940303
52,212,1.0,16.049374,High risk,High risk,15.049374
52,213,0.0,16.013983,High risk,High risk,16.013983
56,55,125.0,124.91191,Low risk,Low risk,0.08808899
56,56,125.0,124.847305,Low risk,Low risk,0.1526947
56,57,125.0,124.9746,Low risk,Low risk,0.025398254
56,58,125.0,124.76181,Low risk,Low risk,0.2381897
56,59,125.0,124.96109,Low risk,Low risk,0.038909912
56,60,125.0,125.0412,Low risk,Low risk,0.04119873
56,61,125.0,124.84909,Low risk,Low risk,0.15090942
56,62,125.0,124.92681,Low risk,Low risk,0.07318878
56,63,125.0,124.59819,Low risk,Low risk,0.4018097
56,64,125.0,124.70222,Low risk,Low risk,0.2977829
56,65,125.0,124.85605,Low risk,Low risk,0.14395142
56,66,125.0,124.88776,Low risk,Low risk,0.11224365
56,67,125.0,125.053085,Low risk,Low risk,0.053085327
56,68,125.0,125.0486,Low risk,Low risk,0.048599243
56,69,125.0,125.08693,Low risk,Low risk,0.08692932
56,70,125.0,125.023285,Low risk,Low risk,0.023284912
56,71,125.0,124.94469,Low risk,Low risk,0.05531311
56,72,125.0,124.79714,Low risk,Low risk,0.20285797
56,73,125.0,124.67773,Low risk,Low risk,0.32227325
56,74,125.0,124.13736,Low risk,Low risk,0.8626404
56,75,125.0,123.697044,Low risk,Low risk,1.3029556
56,76,125.0,123.92303,Low risk,Low risk,1.076973
56,77,125.0,123.87402,Low risk,Low risk,1.1259766
56,78,125.0,124.257324,Low risk,Low risk,0.7426758
56,79,125.0,124.24919,Low risk,Low risk,0.7508087
56,80,125.0,124.38336,Low risk,Low risk,0.6166382
56,81,125.0,124.638916,Low risk,Low risk,0.36108398
56,82,125.0,124.32004,Low risk,Low risk,0.67996216
56,83,125.0,123.58353,Low risk,Low risk,1.4164734
56,84,125.0,122.37059,Low risk,Low risk,2.6294098
56,85,125.0,120.72244,Low risk,Low risk,4.2775574
56,86,125.0,113.5719,Low risk,Low risk,11.428101
56,87,125.0,100.76097,Low risk,Low risk,24.239029
56,88,125.0,89.92116,Low risk,Medium risk,35.078842
56,89,125.0,91.52785,Low risk,Low risk,33.472153
56,90,125.0,96.01885,Low risk,Low risk,28.981148
56,91,125.0,98.239296,Low risk,Low risk,26.760704
56,92,125.0,106.06198,Low risk,Low risk,18.938019
56,93,125.0,112.07155,Low risk,Low risk,12.928452
56,94,125.0,117.06709,Low risk,Low risk,7.932907
56,95,125.0,118.85261,Low risk,Low risk,6.1473923
56,96,125.0,119.08757,Low risk,Low risk,5.91243
56,97,125.0,116.922035,Low risk,Low risk,8.077965
56,98,125.0,117.71347,Low risk,Low risk,7.2865295
56,99,125.0,117.88429,Low risk,Low risk,7.1157074
56,100,125.0,118.20128,Low risk,Low risk,6.7987213
56,101,125.0,117.55097,Low risk,Low risk,7.449028
56,102,125.0,119.528534,Low risk,Low risk,5.471466
56,103,125.0,120.91679,Low risk,Low risk,4.083214
56,104,125.0,120.958206,Low risk,Low risk,4.041794
56,105,125.0,121.66315,Low risk,Low risk,3.336853
56,106,125.0,122.73146,Low risk,Low risk,2.2685394
56,107,125.0,122.96321,Low risk,Low risk,2.036789
56,108,125.0,122.98148,Low risk,Low risk,2.0185165
56,109,125.0,123.11064,Low risk,Low risk,1.8893585
56,110,125.0,122.022545,Low risk,Low risk,2.9774551
56,111,125.0,121.42401,Low risk,Low risk,3.5759888
56,112,125.0,121.738266,Low risk,Low risk,3.261734
56,113,125.0,121.75496,Low risk,Low risk,3.245041
56,114,125.0,122.17425,Low risk,Low risk,2.8257523
56,115,125.0,119.96037,Low risk,Low risk,5.039627
56,116,125.0,118.77188,Low risk,Low risk,6.228119
56,117,125.0,119.76849,Low risk,Low risk,5.2315063
56,118,125.0,121.417816,Low risk,Low risk,3.5821838
56,119,125.0,122.76564,Low risk,Low risk,2.2343597
56,120,125.0,123.41966,Low risk,Low risk,1.5803375
56,121,125.0,123.56056,Low risk,Low risk,1.4394379
56,122,125.0,123.10379,Low risk,Low risk,1.8962097
56,123,125.0,121.40117,Low risk,Low risk,3.5988312
56,124,125.0,121.12722,Low risk,Low risk,3.8727798
56,125,125.0,121.43652,Low risk,Low risk,3.5634766
56,126,125.0,117.02904,Low risk,Low risk,7.9709625
56,127,125.0,114.32384,Low risk,Low risk,10.676163
56,128,125.0,112.91951,Low risk,Low risk,12.08049
56,129,125.0,86.76127,Low risk,Medium risk,38.23873
56,130,125.0,96.02814,Low risk,Low risk,28.971863
56,131,125.0,97.9017,Low risk,Low risk,27.098297
56,132,125.0,109.765,Low risk,Low risk,15.235001
56,133,125.0,112.78382,Low risk,Low risk,12.216179
56,134,125.0,116.27042,Low risk,Low risk,8.729584
56,135,125.0,117.89852,Low risk,Low risk,7.1014786
56,136,125.0,119.91503,Low risk,Low risk,5.0849686
56,137,125.0,120.626076,Low risk,Low risk,4.3739243
56,138,125.0,114.1178,Low risk,Low risk,10.882202
56,139,125.0,110.16815,Low risk,Low risk,14.831848
56,140,125.0,95.776825,Low risk,Low risk,29.223175
56,141,125.0,88.6988,Low risk,Medium risk,36.3012
56,142,125.0,76.72067,Low risk,Medium risk,48.279327
56,143,125.0,77.82604,Low risk,Medium risk,47.173958
56,144,125.0,80.18082,Low risk,Medium risk,44.819183
56,145,125.0,88.91189,Low risk,Medium risk,36.08811
56,146,125.0,91.331406,Low risk,Low risk,33.668594
56,147,125.0,95.63247,Low risk,Low risk,29.36753
56,148,125.0,98.30204,Low risk,Low risk,26.69796
56,149,125.0,94.84864,Low risk,Low risk,30.15136
56,150,125.0,96.97557,Low risk,Low risk,28.02443
56,151,124.0,96.40415,Low risk,Low risk,27.595848
56,152,123.0,97.09715,Low risk,Low risk,25.902847
56,153,122.0,95.360016,Low risk,Low risk,26.639984
56,154,121.0,92.62381,Low risk,Low risk,28.37619
56,155,120.0,89.804855,Low risk,Medium risk,30.195145
56,156,119.0,89.06916,Low risk,Medium risk,29.93084
56,157,118.0,88.14159,Low risk,Medium risk,29.858414
56,158,117.0,88.664024,Low risk,Medium risk,28.335976
56,159,116.0,91.32551,Low risk,Low risk,24.674492
56,160,115.0,98.088905,Low risk,Low risk,16.911095
56,161,114.0,100.01815,Low risk,Low risk,13.98185
56,162,113.0,96.64795,Low risk,Low risk,16.35205
56,163,112.0,98.953735,Low risk,Low risk,13.046265
56,164,111.0,109.29625,Low risk,Low risk,1.7037506
56,165,110.0,106.93216,Low risk,Low risk,3.0678406
56,166,109.0,102.15074,Low risk,Low risk,6.8492584
56,167,108.0,100.21303,Low risk,Low risk,7.786972
56,168,107.0,95.71006,Low risk,Low risk,11.28994
56,169,106.0,91.05875,Low risk,Low risk,14.941254
56,170,105.0,90.07605,Low risk,Low risk,14.92395
56,171,104.0,94.2517,Low risk,Low risk,9.748299
56,172,103.0,99.16279,Low risk,Low risk,3.8372116
56,173,102.0,92.49191,Low risk,Low risk,9.508087
56,174,101.0,90.02159,Low risk,Low risk,10.978409
56,175,100.0,103.18259,Low risk,Low risk,3.1825867
56,176,99.0,102.3967,Low risk,Low risk,3.396698
56,177,98.0,102.91578,Low risk,Low risk,4.915779
56,178,97.0,89.70081,Low risk,Medium risk,7.2991867
56,179,96.0,89.09856,Low risk,Medium risk,6.9014435
56,180,95.0,81.67284,Low risk,Medium risk,13.327164
56,181,94.0,83.78102,Low risk,Medium risk,10.218979
56,182,93.0,86.30026,Low risk,Medium risk,6.6997375
56,183,92.0,83.93681,Low risk,Medium risk,8.063187
56,184,91.0,84.96756,Low risk,Medium risk,6.03244
56,185,90.0,88.06917,Medium risk,Medium risk,1.9308319
56,186,89.0,100.500046,Medium risk,Low risk,11.500046
56,187,88.0,109.451004,Medium risk,Low risk,21.451004
56,188,87.0,112.73971,Medium risk,Low risk,25.739708
56,189,86.0,102.579796,Medium risk,Low risk,16.579796
56,190,85.0,102.72949,Medium risk,Low risk,17.729492
56,191,84.0,98.00842,Medium risk,Low risk,14.008423
56,192,83.0,86.49956,Medium risk,Medium risk,3.4995575
56,193,82.0,90.84157,Medium risk,Low risk,8.841568
56,194,81.0,84.10985,Medium risk,Medium risk,3.109848
56,195,80.0,81.11748,Medium risk,Medium risk,1.1174774
56,196,79.0,78.956184,Medium risk,Medium risk,0.043815613
56,197,78.0,77.19895,Medium risk,Medium risk,0.8010483
56,198,77.0,88.52218,Medium risk,Medium risk,11.522179
56,199,76.0,94.98155,Medium risk,Low risk,18.981552
56,200,75.0,94.71041,Medium risk,Low risk,19.710411
56,201,74.0,99.41746,Medium risk,Low risk,25.417458
56,202,73.0,97.306946,Medium risk,Low risk,24.306946
56,203,72.0,96.56903,Medium risk,Low risk,24.56903
56,204,71.0,82.3018,Medium risk,Medium risk,11.301804
56,205,70.0,75.71974,Medium risk,Medium risk,5.719742
56,206,69.0,75.5492,Medium risk,Medium risk,6.549202
56,207,68.0,68.253784,Medium risk,Medium risk,0.25378418
56,208,67.0,74.96217,Medium risk,Medium risk,7.9621735
56,209,66.0,80.373825,Medium risk,Medium risk,14.373825
56,210,65.0,90.89363,Medium risk,Low risk,25.893631
56,211,64.0,86.23563,Medium risk,Medium risk,22.235626
56,212,63.0,111.320404,Medium risk,Low risk,48.320404
56,213,62.0,111.74228,Medium risk,Low risk,49.74228
56,214,61.0,109.1004,Medium risk,Low risk,48.100403
56,215,60.0,105.53643,Medium risk,Low risk,45.53643
56,216,59.0,109.78389,Medium risk,Low risk,50.78389
56,217,58.0,103.97066,Medium risk,Low risk,45.970657
56,218,57.0,84.42382,Medium risk,Medium risk,27.42382
56,219,56.0,69.849174,Medium risk,Medium risk,13.8491745
56,220,55.0,73.231445,Medium risk,Medium risk,18.231445
56,221,54.0,62.069687,Medium risk,Medium risk,8.069687
56,222,53.0,68.98973,Medium risk,Medium risk,15.989731
56,223,52.0,57.49759,Medium risk,Medium risk,5.497589
56,224,51.0,51.578793,Medium risk,Medium risk,0.5787926
56,225,50.0,57.776726,Medium risk,Medium risk,7.776726
56,226,49.0,61.08177,Medium risk,Medium risk,12.081772
56,227,48.0,51.32164,Medium risk,Medium risk,3.32164
56,228,47.0,47.201004,Medium risk,Medium risk,0.20100403
56,229,46.0,42.749218,Medium risk,High risk,3.250782
56,230,45.0,39.70494,High risk,High risk,5.295059
56,231,44.0,37.54602,High risk,High risk,6.4539795
56,232,43.0,33.373314,High risk,High risk,9.626686
56,233,42.0,30.768372,High risk,High risk,11.231628
56,234,41.0,28.21423,High risk,High risk,12.78577
56,235,40.0,29.287085,High risk,High risk,10.712915
56,236,39.0,27.1325,High risk,High risk,11.8675
56,237,38.0,27.776852,High risk,High risk,10.223148
56,238,37.0,29.464186,High risk,High risk,7.5358143
56,239,36.0,29.324009,High risk,High risk,6.675991
56,240,35.0,28.144402,High risk,High risk,6.8555984
56,241,34.0,28.416756,High risk,High risk,5.5832443
56,242,33.0,24.6843,High risk,High risk,8.315701
56,243,32.0,22.355171,High risk,High risk,9.644829
56,244,31.0,24.96846,High risk,High risk,6.03154
56,245,30.0,25.16399,High risk,High risk,4.83601
56,246,29.0,27.202627,High risk,High risk,1.7973728
56,247,28.0,26.411467,High risk,High risk,1.5885334
56,248,27.0,23.513763,High risk,High risk,3.4862366
56,249,26.0,20.06115,High risk,High risk,5.9388504
56,250,25.0,17.54654,High risk,High risk,7.4534607
56,251,24.0,16.997879,High risk,High risk,7.002121
56,252,23.0,17.649702,High risk,High risk,5.350298
56,253,22.0,19.826204,High risk,High risk,2.1737957
56,254,21.0,16.841612,High risk,High risk,4.158388
56,255,20.0,16.459785,High risk,High risk,3.5402145
56,256,19.0,14.296346,High risk,High risk,4.7036543
56,257,18.0,11.712715,High risk,High risk,6.287285
56,258,17.0,10.811683,High risk,High risk,6.1883173
56,259,16.0,11.261912,High risk,High risk,4.7380877
56,260,15.0,9.442018,High risk,High risk,5.5579824
56,261,14.0,8.662539,High risk,High risk,5.3374615
56,262,13.0,7.6602693,High risk,High risk,5.3397307
56,263,12.0,6.842559,High risk,High risk,5.157441
56,264,11.0,6.3990083,High risk,High risk,4.6009917
56,265,10.0,6.7078514,High risk,High risk,3.2921486
56,266,9.0,5.7192693,High risk,High risk,3.2807307
56,267,8.0,5.0870523,High risk,High risk,2.9129477
56,268,7.0,4.451846,High risk,High risk,2.5481539
56,269,6.0,3.931013,High risk,High risk,2.068987
56,270,5.0,3.5920286,High risk,High risk,1.4079714
56,271,4.0,3.287521,High risk,High risk,0.7124791
56,272,3.0,3.166364,High risk,High risk,0.16636395
56,273,2.0,3.0254154,High risk,High risk,1.0254154
56,274,1.0,3.0074003,High risk,High risk,2.0074003
56,275,0.0,2.8902478,High risk,High risk,2.8902478
61,55,125.0,124.23886,Low risk,Low risk,0.7611389
61,56,125.0,124.19545,Low risk,Low risk,0.8045502
61,57,125.0,124.18045,Low risk,Low risk,0.81954956
61,58,125.0,124.177444,Low risk,Low risk,0.82255554
61,59,125.0,124.15817,Low risk,Low risk,0.8418274
61,60,125.0,124.198715,Low risk,Low risk,0.8012848
61,61,124.0,124.175186,Low risk,Low risk,0.17518616
61,62,123.0,124.138145,Low risk,Low risk,1.1381454
61,63,122.0,124.21633,Low risk,Low risk,2.2163315
61,64,121.0,124.25197,Low risk,Low risk,3.2519684
61,65,120.0,124.27023,Low risk,Low risk,4.270233
61,66,119.0,124.27391,Low risk,Low risk,5.2739105
61,67,118.0,124.27722,Low risk,Low risk,6.2772217
61,68,117.0,124.2681,Low risk,Low risk,7.268097
61,69,116.0,124.21474,Low risk,Low risk,8.214737
61,70,115.0,124.228424,Low risk,Low risk,9.228424
61,71,114.0,124.22811,Low risk,Low risk,10.228111
61,72,113.0,124.21857,Low risk,Low risk,11.218567
61,73,112.0,124.21823,Low risk,Low risk,12.218231
61,74,111.0,124.230705,Low risk,Low risk,13.230705
61,75,110.0,124.22404,Low risk,Low risk,14.224037
61,76,109.0,124.187904,Low risk,Low risk,15.187904
61,77,108.0,124.19278,Low risk,Low risk,16.19278
61,78,107.0,124.1691,Low risk,Low risk,17.169098
61,79,106.0,124.21566,Low risk,Low risk,18.21566
61,80,105.0,124.17562,Low risk,Low risk,19.175621
61,81,104.0,124.175354,Low risk,Low risk,20.175354
61,82,103.0,124.15432,Low risk,Low risk,21.15432
61,83,102.0,124.17522,Low risk,Low risk,22.175217
61,84,101.0,124.05238,Low risk,Low risk,23.052383
61,85,100.0,123.85871,Low risk,Low risk,23.858711
61,86,99.0,123.68089,Low risk,Low risk,24.680893
61,87,98.0,123.317566,Low risk,Low risk,25.317566
61,88,97.0,123.03406,Low risk,Low risk,26.034058
61,89,96.0,122.132675,Low risk,Low risk,26.132675
61,90,95.0,121.126114,Low risk,Low risk,26.126114
61,91,94.0,117.979294,Low risk,Low risk,23.979294
61,92,93.0,114.94269,Low risk,Low risk,21.942688
61,93,92.0,117.95793,Low risk,Low risk,25.957932
61,94,91.0,118.71727,Low risk,Low risk,27.71727
61,95,90.0,119.73656,Medium risk,Low risk,29.736557
61,96,89.0,121.12363,Medium risk,Low risk,32.123627
61,97,88.0,121.43342,Medium risk,Low risk,33.43342
61,98,87.0,122.648544,Medium risk,Low risk,35.648544
61,99,86.0,123.37401,Medium risk,Low risk,37.37401
61,100,85.0,123.66325,Medium risk,Low risk,38.663254
61,101,84.0,123.61274,Medium risk,Low risk,39.61274
61,102,83.0,123.7767,Medium risk,Low risk,40.776703
61,103,82.0,123.818634,Medium risk,Low risk,41.818634
61,104,81.0,123.89763,Medium risk,Low risk,42.89763
61,105,80.0,124.01996,Medium risk,Low risk,44.01996
61,106,79.0,124.03511,Medium risk,Low risk,45.03511
61,107,78.0,124.0484,Medium risk,Low risk,46.0484
61,108,77.0,124.00993,Medium risk,Low risk,47.009933
61,109,76.0,123.98479,Medium risk,Low risk,47.984787
61,110,75.0,124.01227,Medium risk,Low risk,49.012268
61,111,74.0,123.50969,Medium risk,Low risk,49.50969
61,112,73.0,123.6501,Medium risk,Low risk,50.6501
61,113,72.0,123.474075,Medium risk,Low risk,51.474075
61,114,71.0,123.15819,Medium risk,Low risk,52.158188
61,115,70.0,122.04902,Medium risk,Low risk,52.04902
61,116,69.0,122.18152,Medium risk,Low risk,53.18152
61,117,68.0,119.20646,Medium risk,Low risk,51.20646
61,118,67.0,112.79979,Medium risk,Low risk,45.79979
61,119,66.0,107.23501,Medium risk,Low risk,41.23501
61,120,65.0,101.50336,Medium risk,Low risk,36.503357
61,121,64.0,104.164154,Medium risk,Low risk,40.164154
61,122,63.0,101.75655,Medium risk,Low risk,38.756554
61,123,62.0,97.712776,Medium risk,Low risk,35.712776
61,124,61.0,106.80367,Medium risk,Low risk,45.803673
61,125,60.0,105.66661,Medium risk,Low risk,45.66661
61,126,59.0,96.34532,Medium risk,Low risk,37.34532
61,127,58.0,87.61453,Medium risk,Medium risk,29.614532
61,128,57.0,86.200714,Medium risk,Medium risk,29.200714
61,129,56.0,75.56496,Medium risk,Medium risk,19.564957
61,130,55.0,73.641235,Medium risk,Medium risk,18.641235
61,131,54.0,63.597935,Medium risk,Medium risk,9.597935
61,132,53.0,64.053734,Medium risk,Medium risk,11.053734
61,133,52.0,71.22908,Medium risk,Medium risk,19.22908
61,134,51.0,70.89606,Medium risk,Medium risk,19.896057
61,135,50.0,62.683228,Medium risk,Medium risk,12.683228
61,136,49.0,58.234673,Medium risk,Medium risk,9.234673
61,137,48.0,55.438232,Medium risk,Medium risk,7.4382324
61,138,47.0,51.709747,Medium risk,Medium risk,4.7097473
61,139,46.0,51.795547,Medium risk,Medium risk,5.7955475
61,140,45.0,51.90805,High risk,Medium risk,6.9080505
61,141,44.0,53.04596,High risk,Medium risk,9.045959
61,142,43.0,54.619556,High risk,Medium risk,11.619556
61,143,42.0,55.371292,High risk,Medium risk,13.371292
61,144,41.0,55.898987,High risk,Medium risk,14.898987
61,145,40.0,55.103,High risk,Medium risk,15.103001
61,146,39.0,56.596653,High risk,Medium risk,17.596653
61,147,38.0,57.154926,High risk,Medium risk,19.154926
61,148,37.0,55.38633,High risk,Medium risk,18.38633
61,149,36.0,54.744255,High risk,Medium risk,18.744255
61,150,35.0,51.914364,High risk,Medium risk,16.914364
61,151,34.0,53.684547,High risk,Medium risk,19.684547
61,152,33.0,51.398834,High risk,Medium risk,18.398834
61,153,32.0,52.242043,High risk,Medium risk,20.242043
61,154,31.0,48.612534,High risk,Medium risk,17.612534
61,155,30.0,48.15885,High risk,Medium risk,18.158852
61,156,29.0,46.73147,High risk,Medium risk,17.731468
61,157,28.0,41.634804,High risk,High risk,13.634804
61,158,27.0,42.98292,High risk,High risk,15.982922
61,159,26.0,38.33026,High risk,High risk,12.330261
61,160,25.0,36.28123,High risk,High risk,11.281231
61,161,24.0,34.354683,High risk,High risk,10.354683
61,162,23.0,34.11213,High risk,High risk,11.112129
61,163,22.0,31.2616,High risk,High risk,9.2616005
61,164,21.0,28.28373,High risk,High risk,7.2837296
61,165,20.0,22.89843,High risk,High risk,2.8984299
61,166,19.0,22.367512,High risk,High risk,3.3675117
61,167,18.0,21.339909,High risk,High risk,3.3399086
61,168,17.0,20.65868,High risk,High risk,3.65868
61,169,16.0,18.296356,High risk,High risk,2.2963562
61,170,15.0,16.248253,High risk,High risk,1.2482529
61,171,14.0,14.376888,High risk,High risk,0.37688828
61,172,13.0,14.347715,High risk,High risk,1.3477154
61,173,12.0,13.122835,High risk,High risk,1.1228352
61,174,11.0,11.602235,High risk,High risk,0.60223484
61,175,10.0,10.683953,High risk,High risk,0.6839533
61,176,9.0,8.688859,High risk,High risk,0.311141
61,177,8.0,9.697772,High risk,High risk,1.697772
61,178,7.0,9.026671,High risk,High risk,2.0266714
61,179,6.0,7.415334,High risk,High risk,1.4153342
61,180,5.0,6.0624537,High risk,High risk,1.0624537
61,181,4.0,5.519002,High risk,High risk,1.519002
61,182,3.0,4.709183,High risk,High risk,1.7091832
61,183,2.0,4.702787,High risk,High risk,2.702787
61,184,1.0,4.605431,High risk,High risk,3.605431
61,185,0.0,4.601151,High risk,High risk,4.601151
73,55,125.0,122.5692,Low risk,Low risk,2.4308014
73,56,125.0,122.22797,Low risk,Low risk,2.7720337
73,57,125.0,120.02646,Low risk,Low risk,4.9735413
73,58,125.0,120.51692,Low risk,Low risk,4.483078
73,59,125.0,120.867004,Low risk,Low risk,4.1329956
73,60,125.0,121.868774,Low risk,Low risk,3.1312256
73,61,125.0,122.495445,Low risk,Low risk,2.5045547
73,62,125.0,121.85204,Low risk,Low risk,3.1479568
73,63,125.0,122.65361,Low risk,Low risk,2.3463898
73,64,125.0,122.85179,Low risk,Low risk,2.1482086
73,65,125.0,122.21601,Low risk,Low risk,2.783989
73,66,125.0,122.19263,Low risk,Low risk,2.807373
73,67,125.0,122.594894,Low risk,Low risk,2.4051056
73,68,125.0,123.39079,Low risk,Low risk,1.6092072
73,69,125.0,124.13464,Low risk,Low risk,0.86535645
73,70,125.0,124.635544,Low risk,Low risk,0.36445618
73,71,125.0,124.77608,Low risk,Low risk,0.22392273
73,72,125.0,124.96385,Low risk,Low risk,0.03614807
73,73,125.0,124.83936,Low risk,Low risk,0.1606369
73,74,125.0,124.746254,Low risk,Low risk,0.25374603
73,75,125.0,124.5535,Low risk,Low risk,0.4465027
73,76,125.0,124.06081,Low risk,Low risk,0.9391937
73,77,125.0,123.38221,Low risk,Low risk,1.6177902
73,78,125.0,124.11661,Low risk,Low risk,0.88339233
73,79,125.0,123.99623,Low risk,Low risk,1.0037689
73,80,125.0,124.452835,Low risk,Low risk,0.5471649
73,81,125.0,124.94101,Low risk,Low risk,0.05899048
73,82,125.0,124.84405,Low risk,Low risk,0.15595245
73,83,125.0,124.79312,Low risk,Low risk,0.20687866
73,84,125.0,124.762054,Low risk,Low risk,0.23794556
73,85,125.0,124.55874,Low risk,Low risk,0.4412613
73,86,125.0,124.6048,Low risk,Low risk,0.39520264
73,87,125.0,124.388626,Low risk,Low risk,0.6113739
73,88,125.0,124.37483,Low risk,Low risk,0.62516785
73,89,124.0,124.078766,Low risk,Low risk,0.07876587
73,90,123.0,123.85523,Low risk,Low risk,0.85523224
73,91,122.0,123.84482,Low risk,Low risk,1.8448181
73,92,121.0,123.799065,Low risk,Low risk,2.7990646
73,93,120.0,123.415985,Low risk,Low risk,3.415985
73,94,119.0,122.97537,Low risk,Low risk,3.9753723
73,95,118.0,123.66891,Low risk,Low risk,5.668907
73,96,117.0,123.65546,Low risk,Low risk,6.6554565
73,97,116.0,123.44928,Low risk,Low risk,7.44928
73,98,115.0,123.73015,Low risk,Low risk,8.730148
73,99,114.0,124.36751,Low risk,Low risk,10.367508
73,100,113.0,123.99581,Low risk,Low risk,10.995811
73,101,112.0,123.392784,Low risk,Low risk,11.392784
73,102,111.0,124.03527,Low risk,Low risk,13.035271
73,103,110.0,124.34842,Low risk,Low risk,14.348419
73,104,109.0,124.410774,Low risk,Low risk,15.410774
73,105,108.0,124.175,Low risk,Low risk,16.175003
73,106,107.0,123.760376,Low risk,Low risk,16.760376
73,107,106.0,124.008514,Low risk,Low risk,18.008514
73,108,105.0,124.48776,Low risk,Low risk,19.487762
73,109,104.0,124.51783,Low risk,Low risk,20.51783
73,110,103.0,124.32648,Low risk,Low risk,21.326477
73,111,102.0,124.55104,Low risk,Low risk,22.55104
73,112,101.0,124.598755,Low risk,Low risk,23.598755
73,113,100.0,124.73482,Low risk,Low risk,24.734818
73,114,99.0,124.837524,Low risk,Low risk,25.837524
73,115,98.0,124.66362,Low risk,Low risk,26.66362
73,116,97.0,124.54555,Low risk,Low risk,27.545547
73,117,96.0,124.15184,Low risk,Low risk,28.15184
73,118,95.0,124.185165,Low risk,Low risk,29.185165
73,119,94.0,123.8561,Low risk,Low risk,29.856102
73,120,93.0,123.107735,Low risk,Low risk,30.107735
73,121,92.0,122.909996,Low risk,Low risk,30.909996
73,122,91.0,122.59681,Low risk,Low risk,31.59681
73,123,90.0,121.97098,Medium risk,Low risk,31.970978
73,124,89.0,122.33141,Medium risk,Low risk,33.331413
73,125,88.0,122.43442,Medium risk,Low risk,34.434418
73,126,87.0,121.198814,Medium risk,Low risk,34.198814
73,127,86.0,119.76303,Medium risk,Low risk,33.76303
73,128,85.0,119.06027,Medium risk,Low risk,34.060272
73,129,84.0,115.544815,Medium risk,Low risk,31.544815
73,130,83.0,116.34847,Medium risk,Low risk,33.348473
73,131,82.0,113.09889,Medium risk,Low risk,31.098892
73,132,81.0,107.91387,Medium risk,Low risk,26.913872
73,133,80.0,101.23596,Medium risk,Low risk,21.235962
73,134,79.0,100.277695,Medium risk,Low risk,21.277695
73,135,78.0,97.30713,Medium risk,Low risk,19.307129
73,136,77.0,97.757805,Medium risk,Low risk,20.757805
73,137,76.0,92.26178,Medium risk,Low risk,16.26178
73,138,75.0,97.596725,Medium risk,Low risk,22.596725
73,139,74.0,100.689995,Medium risk,Low risk,26.689995
73,140,73.0,94.51532,Medium risk,Low risk,21.51532
73,141,72.0,101.4474,Medium risk,Low risk,29.447403
73,142,71.0,94.195786,Medium risk,Low risk,23.195786
73,143,70.0,91.32432,Medium risk,Low risk,21.324318
73,144,69.0,84.29644,Medium risk,Medium risk,15.29644
73,145,68.0,90.2301,Medium risk,Low risk,22.230103
73,146,67.0,92.30489,Medium risk,Low risk,25.304893
73,147,66.0,90.24119,Medium risk,Low risk,24.241188
73,148,65.0,90.31326,Medium risk,Low risk,25.313263
73,149,64.0,84.85768,Medium risk,Medium risk,20.857681
73,150,63.0,89.35311,Medium risk,Medium risk,26.353111
73,151,62.0,90.43457,Medium risk,Low risk,28.43457
73,152,61.0,93.09524,Medium risk,Low risk,32.095238
73,153,60.0,84.05371,Medium risk,Medium risk,24.05371
73,154,59.0,82.46895,Medium risk,Medium risk,23.468948
73,155,58.0,78.61967,Medium risk,Medium risk,20.619667
73,156,57.0,73.237045,Medium risk,Medium risk,16.237045
73,157,56.0,69.068954,Medium risk,Medium risk,13.068954
73,158,55.0,68.578476,Medium risk,Medium risk,13.578476
73,159,54.0,68.41614,Medium risk,Medium risk,14.416138
73,160,53.0,70.92717,Medium risk,Medium risk,17.92717
73,161,52.0,70.36535,Medium risk,Medium risk,18.365349
73,162,51.0,66.395325,Medium risk,Medium risk,15.395325
73,163,50.0,60.421036,Medium risk,Medium risk,10.421036
73,164,49.0,63.16494,Medium risk,Medium risk,14.16494
73,165,48.0,61.3107,Medium risk,Medium risk,13.310699
73,166,47.0,60.76983,Medium risk,Medium risk,13.769829
73,167,46.0,58.734016,Medium risk,Medium risk,12.734016
73,168,45.0,57.629128,High risk,Medium risk,12.6291275
73,169,44.0,52.187424,High risk,Medium risk,8.187424
73,170,43.0,48.95468,High risk,Medium risk,5.9546814
73,171,42.0,43.574875,High risk,High risk,1.5748749
73,172,41.0,37.476234,High risk,High risk,3.5237656
73,173,40.0,43.634254,High risk,High risk,3.6342545
73,174,39.0,36.337074,High risk,High risk,2.6629257
73,175,38.0,32.93047,High risk,High risk,5.0695305
73,176,37.0,31.689758,High risk,High risk,5.3102417
73,177,36.0,31.980434,High risk,High risk,4.0195656
73,178,35.0,29.149158,High risk,High risk,5.8508415
73,179,34.0,26.809387,High risk,High risk,7.190613
73,180,33.0,26.892,High risk,High risk,6.108
73,181,32.0,26.797588,High risk,High risk,5.2024117
73,182,31.0,28.933567,High risk,High risk,2.066433
73,183,30.0,27.890385,High risk,High risk,2.1096153
73,184,29.0,24.201431,High risk,High risk,4.7985687
73,185,28.0,25.893646,High risk,High risk,2.1063538
73,186,27.0,26.924656,High risk,High risk,0.075344086
73,187,26.0,25.439417,High risk,High risk,0.5605831
73,188,25.0,25.353767,High risk,High risk,0.3537674
73,189,24.0,25.38195,High risk,High risk,1.3819504
73,190,23.0,22.976227,High risk,High risk,0.023773193
73,191,22.0,22.706215,High risk,High risk,0.7062149
73,192,21.0,22.252913,High risk,High risk,1.2529125
73,193,20.0,18.159594,High risk,High risk,1.8404064
73,194,19.0,16.751032,High risk,High risk,2.2489681
73,195,18.0,17.226318,High risk,High risk,0.77368164
73,196,17.0,15.221248,High risk,High risk,1.7787523
73,197,16.0,14.764319,High risk,High risk,1.2356806
73,198,15.0,14.259131,High risk,High risk,0.74086857
73,199,14.0,13.393542,High risk,High risk,0.6064577
73,200,13.0,11.35778,High risk,High risk,1.6422195
73,201,12.0,12.311604,High risk,High risk,0.31160355
73,202,11.0,10.426002,High risk,High risk,0.57399845
73,203,10.0,10.78917,High risk,High risk,0.78917027
73,204,9.0,10.469499,High risk,High risk,1.4694986
73,205,8.0,10.085708,High risk,High risk,2.0857077
73,206,7.0,9.447725,High risk,High risk,2.4477253
73,207,6.0,8.653724,High risk,High risk,2.6537237
73,208,5.0,7.758378,High risk,High risk,2.758378
73,209,4.0,7.6458273,High risk,High risk,3.6458273
73,210,3.0,6.9717393,High risk,High risk,3.9717393
73,211,2.0,5.9198947,High risk,High risk,3.9198947
73,212,1.0,5.669651,High risk,High risk,4.669651
73,213,0.0,5.2206597,High risk,High risk,5.2206597
113,55,125.0,124.28154,Low risk,Low risk,0.7184601
113,56,125.0,124.305725,Low risk,Low risk,0.6942749
113,57,125.0,124.30145,Low risk,Low risk,0.69854736
113,58,125.0,124.28225,Low risk,Low risk,0.71775055
113,59,125.0,124.29106,Low risk,Low risk,0.7089386
113,60,125.0,124.28017,Low risk,Low risk,0.7198334
113,61,125.0,124.27867,Low risk,Low risk,0.72132874
113,62,125.0,124.22682,Low risk,Low risk,0.7731781
113,63,125.0,124.257065,Low risk,Low risk,0.7429352
113,64,125.0,124.263855,Low risk,Low risk,0.736145
113,65,125.0,124.18109,Low risk,Low risk,0.8189087
113,66,125.0,123.90199,Low risk,Low risk,1.0980072
113,67,125.0,123.63402,Low risk,Low risk,1.365982
113,68,125.0,123.89629,Low risk,Low risk,1.1037064
113,69,125.0,123.79884,Low risk,Low risk,1.2011566
113,70,125.0,123.66549,Low risk,Low risk,1.3345108
113,71,125.0,123.40237,Low risk,Low risk,1.5976334
113,72,125.0,123.74168,Low risk,Low risk,1.2583237
113,73,125.0,124.13927,Low risk,Low risk,0.86073303
113,74,125.0,123.84639,Low risk,Low risk,1.1536102
113,75,125.0,124.003586,Low risk,Low risk,0.9964142
113,76,125.0,123.84275,Low risk,Low risk,1.1572495
113,77,125.0,124.03351,Low risk,Low risk,0.9664917
113,78,125.0,123.82603,Low risk,Low risk,1.1739731
113,79,125.0,123.65115,Low risk,Low risk,1.3488464
113,80,125.0,123.54759,Low risk,Low risk,1.4524078
113,81,125.0,123.461235,Low risk,Low risk,1.538765
113,82,125.0,124.04802,Low risk,Low risk,0.9519806
113,83,125.0,124.19597,Low risk,Low risk,0.8040314
113,84,125.0,124.14839,Low risk,Low risk,0.8516083
113,85,125.0,124.18823,Low risk,Low risk,0.8117676
113,86,125.0,124.230576,Low risk,Low risk,0.76942444
113,87,125.0,124.20854,Low risk,Low risk,0.79145813
113,88,125.0,124.1774,Low risk,Low risk,0.8226013
113,89,125.0,124.1339,Low risk,Low risk,0.8660965
113,90,125.0,124.13279,Low risk,Low risk,0.8672104
113,91,125.0,124.189064,Low risk,Low risk,0.810936
113,92,125.0,124.200714,Low risk,Low risk,0.7992859
113,93,125.0,124.108765,Low risk,Low risk,0.89123535
113,94,125.0,124.178535,Low risk,Low risk,0.82146454
113,95,125.0,124.111694,Low risk,Low risk,0.88830566
113,96,125.0,124.11279,Low risk,Low risk,0.88720703
113,97,125.0,123.91882,Low risk,Low risk,1.0811768
113,98,125.0,124.08155,Low risk,Low risk,0.9184494
113,99,125.0,124.17057,Low risk,Low risk,0.8294296
113,100,125.0,124.16887,Low risk,Low risk,0.831131
113,101,125.0,124.040695,Low risk,Low risk,0.9593048
113,102,125.0,122.58766,Low risk,Low risk,2.4123383
113,103,125.0,123.01519,Low risk,Low risk,1.9848099
113,104,125.0,123.62422,Low risk,Low risk,1.3757782
113,105,125.0,124.023315,Low risk,Low risk,0.9766846
113,106,125.0,124.22194,Low risk,Low risk,0.7780609
113,107,125.0,124.28952,Low risk,Low risk,0.71047974
113,108,125.0,124.27185,Low risk,Low risk,0.7281494
113,109,125.0,124.19995,Low risk,Low risk,0.8000488
113,110,125.0,124.19922,Low risk,Low risk,0.80078125
113,111,125.0,124.18584,Low risk,Low risk,0.8141632
113,112,125.0,124.21897,Low risk,Low risk,0.78102875
113,113,125.0,124.27657,Low risk,Low risk,0.7234268
113,114,125.0,124.25479,Low risk,Low risk,0.74520874
113,115,125.0,124.13267,Low risk,Low risk,0.86733246
113,116,125.0,124.18678,Low risk,Low risk,0.81321716
113,117,125.0,124.05549,Low risk,Low risk,0.9445114
113,118,125.0,124.05226,Low risk,Low risk,0.94773865
113,119,125.0,124.07599,Low risk,Low risk,0.92401123
113,120,125.0,124.11018,Low risk,Low risk,0.8898163
113,121,125.0,124.107994,Low risk,Low risk,0.8920059
113,122,125.0,124.09602,Low risk,Low risk,0.90397644
113,123,125.0,123.86376,Low risk,Low risk,1.1362381
113,124,125.0,121.9733,Low risk,Low risk,3.026703
113,125,125.0,120.27359,Low risk,Low risk,4.72641
113,126,125.0,120.66934,Low risk,Low risk,4.330658
113,127,125.0,118.21179,Low risk,Low risk,6.788208
113,128,125.0,119.81745,Low risk,Low risk,5.1825485
113,129,125.0,120.32574,Low risk,Low risk,4.674263
113,130,125.0,119.847534,Low risk,Low risk,5.152466
113,131,125.0,118.34112,Low risk,Low risk,6.658882
113,132,125.0,118.33249,Low risk,Low risk,6.667511
113,133,125.0,119.56405,Low risk,Low risk,5.435951
113,134,125.0,115.445885,Low risk,Low risk,9.554115
113,135,125.0,117.42351,Low risk,Low risk,7.5764923
113,136,125.0,118.95654,Low risk,Low risk,6.043457
113,137,125.0,116.79629,Low risk,Low risk,8.203712
113,138,125.0,104.25536,Low risk,Low risk,20.744637
113,139,125.0,105.16126,Low risk,Low risk,19.838737
113,140,125.0,115.4142,Low risk,Low risk,9.5858
113,141,125.0,118.08335,Low risk,Low risk,6.916649
113,142,125.0,118.23675,Low risk,Low risk,6.7632523
113,143,125.0,116.89485,Low risk,Low risk,8.105148
113,144,125.0,117.0361,Low risk,Low risk,7.9638977
113,145,125.0,119.07736,Low risk,Low risk,5.922638
113,146,125.0,120.44544,Low risk,Low risk,4.554558
113,147,125.0,119.50862,Low risk,Low risk,5.491379
113,148,125.0,120.012054,Low risk,Low risk,4.9879456
113,149,125.0,121.27008,Low risk,Low risk,3.7299194
113,150,125.0,121.045,Low risk,Low risk,3.9550018
113,151,125.0,116.63684,Low risk,Low risk,8.363159
113,152,125.0,118.16078,Low risk,Low risk,6.839218
113,153,125.0,119.214676,Low risk,Low risk,5.785324
113,154,125.0,121.18225,Low risk,Low risk,3.817749
113,155,125.0,121.75191,Low risk,Low risk,3.2480927
113,156,125.0,121.54147,Low risk,Low risk,3.4585266
113,157,125.0,121.88163,Low risk,Low risk,3.11837
113,158,125.0,121.541855,Low risk,Low risk,3.4581451
113,159,125.0,119.24399,Low risk,Low risk,5.756012
113,160,125.0,117.83171,Low risk,Low risk,7.168289
113,161,125.0,116.00665,Low risk,Low risk,8.993347
113,162,125.0,113.81706,Low risk,Low risk,11.182938
113,163,125.0,117.67619,Low risk,Low risk,7.323807
113,164,125.0,117.79141,Low risk,Low risk,7.2085876
113,165,125.0,118.133255,Low risk,Low risk,6.866745
113,166,124.0,119.10154,Low risk,Low risk,4.8984604
113,167,123.0,119.727974,Low risk,Low risk,3.272026
113,168,122.0,120.369934,Low risk,Low risk,1.6300659
113,169,121.0,121.048355,Low risk,Low risk,0.048355103
113,170,120.0,120.32084,Low risk,Low risk,0.32083893
113,171,119.0,120.10245,Low risk,Low risk,1.1024475
113,172,118.0,119.56802,Low risk,Low risk,1.5680237
113,173,117.0,116.30934,Low risk,Low risk,0.69065857
113,174,116.0,115.6237,Low risk,Low risk,0.376297
113,175,115.0,112.8875,Low risk,Low risk,2.112503
113,176,114.0,110.02371,Low risk,Low risk,3.9762878
113,177,113.0,112.73476,Low risk,Low risk,0.26524353
113,178,112.0,115.740204,Low risk,Low risk,3.7402039
113,179,111.0,109.08011,Low risk,Low risk,1.9198914
113,180,110.0,103.60063,Low risk,Low risk,6.3993683
113,181,109.0,110.25305,Low risk,Low risk,1.2530518
113,182,108.0,112.68819,Low risk,Low risk,4.6881866
113,183,107.0,115.98202,Low risk,Low risk,8.9820175
113,184,106.0,113.33934,Low risk,Low risk,7.33934
113,185,105.0,109.908264,Low risk,Low risk,4.908264
113,186,104.0,112.10997,Low risk,Low risk,8.10997
113,187,103.0,113.92143,Low risk,Low risk,10.9214325
113,188,102.0,117.488594,Low risk,Low risk,15.488594
113,189,101.0,116.30621,Low risk,Low risk,15.306213
113,190,100.0,115.91098,Low risk,Low risk,15.91098
113,191,99.0,114.141525,Low risk,Low risk,15.141525
113,192,98.0,115.878174,Low risk,Low risk,17.878174
113,193,97.0,117.37962,Low risk,Low risk,20.379623
113,194,96.0,114.75676,Low risk,Low risk,18.75676
113,195,95.0,109.81832,Low risk,Low risk,14.818321
124,55,125.0,123.93657,Low risk,Low risk,1.0634308
124,56,125.0,124.03775,Low risk,Low risk,0.96224976
124,57,125.0,124.08068,Low risk,Low risk,0.91931915
124,58,125.0,124.12083,Low risk,Low risk,0.8791733
124,59,125.0,124.18707,Low risk,Low risk,0.81292725
124,60,125.0,124.185715,Low risk,Low risk,0.8142853
124,61,125.0,124.19368,Low risk,Low risk,0.8063202
124,62,125.0,124.132095,Low risk,Low risk,0.86790466
124,63,125.0,124.131195,Low risk,Low risk,0.86880493
124,64,125.0,124.07701,Low risk,Low risk,0.9229889
124,65,125.0,124.05632,Low risk,Low risk,0.9436798
124,66,125.0,124.0797,Low risk,Low risk,0.92030334
124,67,125.0,124.05629,Low risk,Low risk,0.9437103
124,68,125.0,123.917496,Low risk,Low risk,1.0825043
124,69,125.0,123.65372,Low risk,Low risk,1.346283
124,70,125.0,123.007706,Low risk,Low risk,1.9922943
124,71,125.0,121.23243,Low risk,Low risk,3.7675705
124,72,125.0,120.30921,Low risk,Low risk,4.6907883
124,73,125.0,120.07725,Low risk,Low risk,4.9227524
124,74,125.0,118.68469,Low risk,Low risk,6.3153076
124,75,125.0,115.01138,Low risk,Low risk,9.988617
124,76,125.0,117.29676,Low risk,Low risk,7.7032394
124,77,125.0,119.21959,Low risk,Low risk,5.780411
124,78,125.0,118.37308,Low risk,Low risk,6.6269226
124,79,125.0,117.41794,Low risk,Low risk,7.582062
124,80,125.0,117.77051,Low risk,Low risk,7.229492
124,81,125.0,116.62575,Low risk,Low risk,8.374252
124,82,124.0,116.05098,Low risk,Low risk,7.9490204
124,83,123.0,117.68963,Low risk,Low risk,5.3103714
124,84,122.0,117.98805,Low risk,Low risk,4.0119476
124,85,121.0,114.3448,Low risk,Low risk,6.655197
124,86,120.0,107.98059,Low risk,Low risk,12.019409
124,87,119.0,101.66527,Low risk,Low risk,17.334732
124,88,118.0,103.34618,Low risk,Low risk,14.653816
124,89,117.0,93.22571,Low risk,Low risk,23.774292
124,90,116.0,103.98102,Low risk,Low risk,12.018982
124,91,115.0,107.68733,Low risk,Low risk,7.312668
124,92,114.0,110.24762,Low risk,Low risk,3.7523804
124,93,113.0,116.75687,Low risk,Low risk,3.7568665
124,94,112.0,120.98443,Low risk,Low risk,8.984428
124,95,111.0,122.16726,Low risk,Low risk,11.167259
124,96,110.0,122.75619,Low risk,Low risk,12.756187
124,97,109.0,122.73606,Low risk,Low risk,13.736061
124,98,108.0,122.661835,Low risk,Low risk,14.661835
124,99,107.0,121.730156,Low risk,Low risk,14.730156
124,100,106.0,120.061,Low risk,Low risk,14.060997
124,101,105.0,121.22342,Low risk,Low risk,16.22342
124,102,104.0,120.84738,Low risk,Low risk,16.847382
124,103,103.0,120.617096,Low risk,Low risk,17.617096
124,104,102.0,118.57677,Low risk,Low risk,16.576767
124,105,101.0,114.9695,Low risk,Low risk,13.969498
124,106,100.0,112.19729,Low risk,Low risk,12.1972885
124,107,99.0,112.28224,Low risk,Low risk,13.282242
124,108,98.0,111.729385,Low risk,Low risk,13.729385
124,109,97.0,109.54123,Low risk,Low risk,12.541229
124,110,96.0,104.488525,Low risk,Low risk,8.488525
124,111,95.0,108.98232,Low risk,Low risk,13.982323
124,112,94.0,104.581024,Low risk,Low risk,10.581024
124,113,93.0,100.64407,Low risk,Low risk,7.6440735
124,114,92.0,93.03589,Low risk,Low risk,1.0358887
124,115,91.0,76.07725,Low risk,Medium risk,14.922752
124,116,90.0,67.644806,Medium risk,Medium risk,22.355194
124,117,89.0,69.11276,Medium risk,Medium risk,19.887238
124,118,88.0,68.47566,Medium risk,Medium risk,19.524338
124,119,87.0,69.53556,Medium risk,Medium risk,17.46444
124,120,86.0,64.53725,Medium risk,Medium risk,21.462753
124,121,85.0,66.11251,Medium risk,Medium risk,18.88749
124,122,84.0,71.58528,Medium risk,Medium risk,12.414719
124,123,83.0,75.50415,Medium risk,Medium risk,7.4958496
124,124,82.0,68.13786,Medium risk,Medium risk,13.862137
124,125,81.0,70.20517,Medium risk,Medium risk,10.79483
124,126,80.0,67.73952,Medium risk,Medium risk,12.260483
124,127,79.0,70.21733,Medium risk,Medium risk,8.782669
124,128,78.0,80.14597,Medium risk,Medium risk,2.1459732
124,129,77.0,81.28519,Medium risk,Medium risk,4.285187
124,130,76.0,73.19232,Medium risk,Medium risk,2.8076782
124,131,75.0,66.39484,Medium risk,Medium risk,8.605164
124,132,74.0,72.15281,Medium risk,Medium risk,1.8471909
124,133,73.0,72.25134,Medium risk,Medium risk,0.7486572
124,134,72.0,78.499115,Medium risk,Medium risk,6.499115
124,135,71.0,80.5804,Medium risk,Medium risk,9.580399
124,136,70.0,76.3851,Medium risk,Medium risk,6.3851013
124,137,69.0,73.392105,Medium risk,Medium risk,4.392105
124,138,68.0,74.519554,Medium risk,Medium risk,6.519554
124,139,67.0,68.19137,Medium risk,Medium risk,1.1913681
124,140,66.0,64.91872,Medium risk,Medium risk,1.0812836
124,141,65.0,68.313446,Medium risk,Medium risk,3.313446
124,142,64.0,67.24051,Medium risk,Medium risk,3.240509
124,143,63.0,64.720116,Medium risk,Medium risk,1.7201157
124,144,62.0,54.920433,Medium risk,Medium risk,7.079567
124,145,61.0,49.498497,Medium risk,Medium risk,11.501503
124,146,60.0,43.456505,Medium risk,High risk,16.543495
124,147,59.0,44.40215,Medium risk,High risk,14.597851
124,148,58.0,42.07661,Medium risk,High risk,15.923389
124,149,57.0,35.963593,Medium risk,High risk,21.036407
124,150,56.0,32.24459,Medium risk,High risk,23.75541
124,151,55.0,27.428316,Medium risk,High risk,27.571684
124,152,54.0,27.870253,Medium risk,High risk,26.129747
124,153,53.0,29.69466,Medium risk,High risk,23.30534
124,154,52.0,28.078604,Medium risk,High risk,23.921396
124,155,51.0,27.238773,Medium risk,High risk,23.761227
124,156,50.0,26.714466,Medium risk,High risk,23.285534
124,157,49.0,25.943552,Medium risk,High risk,23.056448
124,158,48.0,24.581205,Medium risk,High risk,23.418795
124,159,47.0,23.248543,Medium risk,High risk,23.751457
124,160,46.0,20.740849,Medium risk,High risk,25.259151
124,161,45.0,19.100437,High risk,High risk,25.899563
124,162,44.0,17.622066,High risk,High risk,26.377934
124,163,43.0,18.706112,High risk,High risk,24.293888
124,164,42.0,19.567146,High risk,High risk,22.432854
124,165,41.0,21.039112,High risk,High risk,19.960888
124,166,40.0,18.754002,High risk,High risk,21.245998
124,167,39.0,16.073265,High risk,High risk,22.926735
124,168,38.0,15.979375,High risk,High risk,22.020626
124,169,37.0,13.237762,High risk,High risk,23.762238
124,170,36.0,12.069891,High risk,High risk,23.930109
124,171,35.0,12.593661,High risk,High risk,22.406338
124,172,34.0,11.316039,High risk,High risk,22.68396
124,173,33.0,9.868316,High risk,High risk,23.131683
124,174,32.0,8.054116,High risk,High risk,23.945885
124,175,31.0,6.8480115,High risk,High risk,24.151989
124,176,30.0,3.0557232,High risk,High risk,26.944277
124,177,29.0,2.9411755,High risk,High risk,26.058825
124,178,28.0,2.9040864,High risk,High risk,25.095913
124,179,27.0,3.7176707,High risk,High risk,23.28233
124,180,26.0,3.4277623,High risk,High risk,22.572237
124,181,25.0,3.330721,High risk,High risk,21.66928
124,182,24.0,2.786735,High risk,High risk,21.213264
124,183,23.0,2.773477,High risk,High risk,20.226522
124,184,22.0,2.7033362,High risk,High risk,19.296663
124,185,21.0,2.6814833,High risk,High risk,18.318516
124,186,20.0,2.7087026,High risk,High risk,17.291298
141,55,86.0,124.25969,Medium risk,Low risk,38.25969
141,56,85.0,124.2686,Medium risk,Low risk,39.2686
141,57,84.0,124.25362,Medium risk,Low risk,40.253616
141,58,83.0,124.274765,Medium risk,Low risk,41.274765
141,59,82.0,124.23175,Medium risk,Low risk,42.23175
141,60,81.0,124.20132,Medium risk,Low risk,43.201317
141,61,80.0,123.97351,Medium risk,Low risk,43.97351
141,62,79.0,123.90491,Medium risk,Low risk,44.904907
141,63,78.0,123.64491,Medium risk,Low risk,45.644913
141,64,77.0,124.03937,Medium risk,Low risk,47.039368
141,65,76.0,124.011635,Medium risk,Low risk,48.011635
141,66,75.0,123.96979,Medium risk,Low risk,48.969788
141,67,74.0,123.4447,Medium risk,Low risk,49.444702
141,68,73.0,123.638016,Medium risk,Low risk,50.638016
141,69,72.0,123.82393,Medium risk,Low risk,51.82393
141,70,71.0,123.5948,Medium risk,Low risk,52.594803
141,71,70.0,123.43015,Medium risk,Low risk,53.430153
141,72,69.0,122.73021,Medium risk,Low risk,53.73021
141,73,68.0,122.69603,Medium risk,Low risk,54.69603
141,74,67.0,119.968185,Medium risk,Low risk,52.968185
141,75,66.0,118.940216,Medium risk,Low risk,52.940216
141,76,65.0,116.24835,Medium risk,Low risk,51.248352
141,77,64.0,114.78016,Medium risk,Low risk,50.78016
141,78,63.0,96.40822,Medium risk,Low risk,33.40822
141,79,62.0,93.381584,Medium risk,Low risk,31.381584
141,80,61.0,90.91452,Medium risk,Low risk,29.91452
141,81,60.0,89.81589,Medium risk,Medium risk,29.815887
141,82,59.0,89.05999,Medium risk,Medium risk,30.05999
141,83,58.0,86.2218,Medium risk,Medium risk,28.221802
141,84,57.0,83.10788,Medium risk,Medium risk,26.10788
141,85,56.0,63.585648,Medium risk,Medium risk,7.5856476
141,86,55.0,62.51611,Medium risk,Medium risk,7.5161095
141,87,54.0,62.171528,Medium risk,Medium risk,8.171528
141,88,53.0,57.948364,Medium risk,Medium risk,4.9483643
141,89,52.0,58.986572,Medium risk,Medium risk,6.9865723
141,90,51.0,56.55021,Medium risk,Medium risk,5.550209
141,91,50.0,55.430153,Medium risk,Medium risk,5.430153
141,92,49.0,61.063747,Medium risk,Medium risk,12.063747
141,93,48.0,67.436584,Medium risk,Medium risk,19.436584
141,94,47.0,60.11351,Medium risk,Medium risk,13.11351
141,95,46.0,58.15255,Medium risk,Medium risk,12.15255
141,96,45.0,60.464737,High risk,Medium risk,15.464737
141,97,44.0,57.201473,High risk,Medium risk,13.201473
141,98,43.0,53.85694,High risk,Medium risk,10.856941
141,99,42.0,50.91558,High risk,Medium risk,8.915581
141,100,41.0,49.895206,High risk,Medium risk,8.895206
141,101,40.0,48.711,High risk,Medium risk,8.710999
141,102,39.0,45.251316,High risk,Medium risk,6.251316
141,103,38.0,45.774845,High risk,Medium risk,7.774845
141,104,37.0,42.74466,High risk,High risk,5.7446594
141,105,36.0,41.363945,High risk,High risk,5.363945
141,106,35.0,36.61207,High risk,High risk,1.6120682
141,107,34.0,37.96311,High risk,High risk,3.9631119
141,108,33.0,33.285095,High risk,High risk,0.2850952
141,109,32.0,37.36277,High risk,High risk,5.36277
141,110,31.0,32.51567,High risk,High risk,1.5156708
141,111,30.0,31.009954,High risk,High risk,1.0099545
141,112,29.0,24.304096,High risk,High risk,4.695904
141,113,28.0,21.23238,High risk,High risk,6.76762
141,114,27.0,21.493385,High risk,High risk,5.5066147
141,115,26.0,19.850584,High risk,High risk,6.149416
141,116,25.0,20.366196,High risk,High risk,4.6338043
141,117,24.0,18.590294,High risk,High risk,5.409706
141,118,23.0,17.318848,High risk,High risk,5.6811523
141,119,22.0,14.8972645,High risk,High risk,7.1027355
141,120,21.0,13.367536,High risk,High risk,7.6324644
141,121,20.0,12.805394,High risk,High risk,7.194606
141,122,19.0,11.571229,High risk,High risk,7.428771
141,123,18.0,11.499651,High risk,High risk,6.500349
149,55,125.0,122.191444,Low risk,Low risk,2.8085556
149,56,125.0,122.2592,Low risk,Low risk,2.740799
149,57,125.0,122.09355,Low risk,Low risk,2.9064484
149,58,125.0,123.1776,Low risk,Low risk,1.822403
149,59,125.0,123.52196,Low risk,Low risk,1.4780426
149,60,125.0,123.77736,Low risk,Low risk,1.222641
149,61,125.0,123.85899,Low risk,Low risk,1.1410065
149,62,125.0,124.07146,Low risk,Low risk,0.9285431
149,63,125.0,124.16298,Low risk,Low risk,0.8370209
149,64,125.0,124.20268,Low risk,Low risk,0.7973175
149,65,125.0,124.20848,Low risk,Low risk,0.79151917
149,66,125.0,124.21171,Low risk,Low risk,0.78829193
149,67,125.0,124.2103,Low risk,Low risk,0.78970337
149,68,125.0,124.123726,Low risk,Low risk,0.8762741
149,69,125.0,124.16406,Low risk,Low risk,0.8359375
149,70,125.0,124.180405,Low risk,Low risk,0.81959534
149,71,125.0,124.220245,Low risk,Low risk,0.77975464
149,72,125.0,124.235085,Low risk,Low risk,0.76491547
149,73,125.0,124.19583,Low risk,Low risk,0.8041687
149,74,125.0,124.23752,Low risk,Low risk,0.7624817
149,75,125.0,124.20703,Low risk,Low risk,0.79296875
149,76,125.0,124.18698,Low risk,Low risk,0.8130188
149,77,125.0,124.22843,Low risk,Low risk,0.7715683
149,78,125.0,124.25951,Low risk,Low risk,0.7404938
149,79,125.0,124.19747,Low risk,Low risk,0.8025284
149,80,125.0,124.21617,Low risk,Low risk,0.78382874
149,81,125.0,124.23233,Low risk,Low risk,0.7676697
149,82,125.0,124.1327,Low risk,Low risk,0.86730194
149,83,125.0,124.21792,Low risk,Low risk,0.7820816
149,84,125.0,124.29692,Low risk,Low risk,0.7030792
149,85,125.0,124.31232,Low risk,Low risk,0.6876831
149,86,125.0,124.321396,Low risk,Low risk,0.6786041
149,87,125.0,124.305725,Low risk,Low risk,0.6942749
149,88,125.0,124.25319,Low risk,Low risk,0.7468109
149,89,125.0,124.300476,Low risk,Low risk,0.6995239
149,90,125.0,124.29735,Low risk,Low risk,0.702652
149,91,125.0,124.32083,Low risk,Low risk,0.6791687
149,92,125.0,124.31728,Low risk,Low risk,0.68271637
149,93,125.0,124.292496,Low risk,Low risk,0.7075043
149,94,125.0,124.27007,Low risk,Low risk,0.72992706
149,95,125.0,124.26837,Low risk,Low risk,0.7316284
149,96,125.0,124.28311,Low risk,Low risk,0.7168884
149,97,125.0,124.28817,Low risk,Low risk,0.71183014
149,98,125.0,124.13927,Low risk,Low risk,0.86073303
149,99,125.0,123.99693,Low risk,Low risk,1.003067
149,100,125.0,123.997925,Low risk,Low risk,1.0020752
149,101,125.0,124.10356,Low risk,Low risk,0.8964386
149,102,125.0,123.97467,Low risk,Low risk,1.0253296
149,103,125.0,124.07132,Low risk,Low risk,0.9286804
149,104,125.0,124.11089,Low risk,Low risk,0.88910675
149,105,125.0,124.13367,Low risk,Low risk,0.866333
149,106,125.0,124.163895,Low risk,Low risk,0.83610535
149,107,125.0,124.09753,Low risk,Low risk,0.90247345
149,108,125.0,123.95172,Low risk,Low risk,1.0482788
149,109,125.0,123.880646,Low risk,Low risk,1.1193542
149,110,125.0,123.8297,Low risk,Low risk,1.1703033
149,111,125.0,123.997116,Low risk,Low risk,1.0028839
149,112,125.0,123.685196,Low risk,Low risk,1.3148041
149,113,125.0,123.64679,Low risk,Low risk,1.3532104
149,114,125.0,123.96809,Low risk,Low risk,1.0319138
149,115,125.0,124.080475,Low risk,Low risk,0.91952515
149,116,125.0,124.25668,Low risk,Low risk,0.74331665
149,117,125.0,124.2135,Low risk,Low risk,0.786499
149,118,125.0,124.211655,Low risk,Low risk,0.78834534
149,119,125.0,124.025795,Low risk,Low risk,0.974205
149,120,125.0,124.119385,Low risk,Low risk,0.88061523
149,121,125.0,123.95824,Low risk,Low risk,1.0417633
149,122,125.0,123.23041,Low risk,Low risk,1.7695923
149,123,125.0,123.46286,Low risk,Low risk,1.5371399
149,124,125.0,123.89691,Low risk,Low risk,1.1030884
149,125,125.0,123.59728,Low risk,Low risk,1.4027176
149,126,125.0,123.76125,Low risk,Low risk,1.2387466
149,127,125.0,123.9678,Low risk,Low risk,1.0322037
149,128,125.0,124.08836,Low risk,Low risk,0.91163635
149,129,125.0,123.37067,Low risk,Low risk,1.6293335
149,130,125.0,123.72261,Low risk,Low risk,1.2773895
149,131,125.0,123.89565,Low risk,Low risk,1.1043472
149,132,125.0,123.56149,Low risk,Low risk,1.4385071
149,133,125.0,123.16286,Low risk,Low risk,1.837143
149,134,125.0,123.47952,Low risk,Low risk,1.5204773
149,135,125.0,123.69969,Low risk,Low risk,1.3003082
149,136,125.0,123.94133,Low risk,Low risk,1.05867
149,137,125.0,124.111145,Low risk,Low risk,0.888855
149,138,125.0,124.18393,Low risk,Low risk,0.81607056
149,139,125.0,124.13513,Low risk,Low risk,0.86486816
149,140,125.0,124.182785,Low risk,Low risk,0.81721497
149,141,125.0,124.19966,Low risk,Low risk,0.80033875
149,142,125.0,124.21837,Low risk,Low risk,0.78163147
149,143,125.0,124.22232,Low risk,Low risk,0.77767944
149,144,125.0,124.23509,Low risk,Low risk,0.76490784
149,145,125.0,124.1219,Low risk,Low risk,0.87809753
149,146,125.0,124.21666,Low risk,Low risk,0.78334045
149,147,125.0,124.14129,Low risk,Low risk,0.85871124
149,148,125.0,124.13141,Low risk,Low risk,0.8685913
149,149,125.0,124.06724,Low risk,Low risk,0.93276215
149,150,125.0,123.94122,Low risk,Low risk,1.0587769
149,151,125.0,123.87093,Low risk,Low risk,1.1290665
149,152,125.0,123.794266,Low risk,Low risk,1.2057343
149,153,125.0,124.05347,Low risk,Low risk,0.9465332
149,154,125.0,124.09346,Low risk,Low risk,0.9065399
149,155,125.0,124.12707,Low risk,Low risk,0.87293243
149,156,125.0,124.15553,Low risk,Low risk,0.84446716
149,157,125.0,124.16121,Low risk,Low risk,0.8387909
149,158,125.0,124.20075,Low risk,Low risk,0.79924774
149,159,125.0,124.168625,Low risk,Low risk,0.8313751
149,160,125.0,124.14244,Low risk,Low risk,0.8575592
149,161,125.0,124.08,Low risk,Low risk,0.91999817
149,162,125.0,124.15854,Low risk,Low risk,0.8414612
149,163,125.0,124.19819,Low risk,Low risk,0.8018112
149,164,125.0,123.98869,Low risk,Low risk,1.0113068
149,165,125.0,123.92962,Low risk,Low risk,1.0703812
149,166,125.0,123.905396,Low risk,Low risk,1.0946045
149,167,125.0,123.20437,Low risk,Low risk,1.7956314
149,168,125.0,122.57501,Low risk,Low risk,2.4249878
149,169,125.0,121.915726,Low risk,Low risk,3.0842743
149,170,125.0,120.124535,Low risk,Low risk,4.8754654
149,171,125.0,121.50461,Low risk,Low risk,3.4953918
149,172,125.0,120.53018,Low risk,Low risk,4.469818
149,173,125.0,120.974174,Low risk,Low risk,4.0258255
149,174,125.0,122.49023,Low risk,Low risk,2.5097733
149,175,125.0,121.988884,Low risk,Low risk,3.011116
149,176,125.0,120.51308,Low risk,Low risk,4.486923
149,177,125.0,120.59801,Low risk,Low risk,4.401993
149,178,125.0,122.66269,Low risk,Low risk,2.3373108
149,179,125.0,123.34572,Low risk,Low risk,1.6542816
149,180,125.0,123.91474,Low risk,Low risk,1.0852585
149,181,125.0,124.03086,Low risk,Low risk,0.9691391
149,182,125.0,123.77643,Low risk,Low risk,1.2235718
149,183,125.0,123.73351,Low risk,Low risk,1.2664871
149,184,125.0,123.216995,Low risk,Low risk,1.7830048
149,185,125.0,123.37328,Low risk,Low risk,1.6267166
149,186,125.0,123.63109,Low risk,Low risk,1.3689117
149,187,125.0,123.13222,Low risk,Low risk,1.8677826
149,188,125.0,123.49411,Low risk,Low risk,1.5058899
149,189,125.0,123.78497,Low risk,Low risk,1.2150269
149,190,125.0,123.37957,Low risk,Low risk,1.62043
149,191,125.0,123.55544,Low risk,Low risk,1.4445572
149,192,125.0,123.70976,Low risk,Low risk,1.2902374
149,193,125.0,123.50241,Low risk,Low risk,1.4975891
149,194,125.0,123.26514,Low risk,Low risk,1.7348633
149,195,125.0,123.54492,Low risk,Low risk,1.4550781
149,196,125.0,123.47951,Low risk,Low risk,1.5204926
149,197,125.0,123.33641,Low risk,Low risk,1.6635895
149,198,125.0,123.119125,Low risk,Low risk,1.8808746
149,199,125.0,123.28105,Low risk,Low risk,1.7189484
149,200,124.0,123.32448,Low risk,Low risk,0.67552185
149,201,123.0,123.7664,Low risk,Low risk,0.7664032
149,202,122.0,123.47208,Low risk,Low risk,1.4720764
149,203,121.0,123.14286,Low risk,Low risk,2.1428604
149,204,120.0,123.26388,Low risk,Low risk,3.2638779
149,205,119.0,122.40442,Low risk,Low risk,3.404419
149,206,118.0,121.56795,Low risk,Low risk,3.5679474
149,207,117.0,120.770676,Low risk,Low risk,3.7706757
149,208,116.0,120.779816,Low risk,Low risk,4.7798157
149,209,115.0,117.091965,Low risk,Low risk,2.0919647
149,210,114.0,113.170265,Low risk,Low risk,0.8297348
149,211,113.0,110.43139,Low risk,Low risk,2.5686111
149,212,112.0,102.55496,Low risk,Low risk,9.445038
149,213,111.0,94.63559,Low risk,Low risk,16.36441
149,214,110.0,79.88849,Low risk,Medium risk,30.111511
149,215,109.0,69.898674,Low risk,Medium risk,39.101326
149,216,108.0,70.36132,Low risk,Medium risk,37.63868
149,217,107.0,70.52574,Low risk,Medium risk,36.47426
149,218,106.0,72.546326,Low risk,Medium risk,33.453674
149,219,105.0,66.21776,Low risk,Medium risk,38.78224
149,220,104.0,68.66922,Low risk,Medium risk,35.33078
149,221,103.0,67.61636,Low risk,Medium risk,35.383636
149,222,102.0,70.33494,Low risk,Medium risk,31.665062
149,223,101.0,70.9235,Low risk,Medium risk,30.0765
149,224,100.0,77.54513,Low risk,Medium risk,22.454872
149,225,99.0,78.79882,Low risk,Medium risk,20.20118
149,226,98.0,79.596725,Low risk,Medium risk,18.403275
149,227,97.0,79.06576,Low risk,Medium risk,17.934242
149,228,96.0,74.32785,Low risk,Medium risk,21.67215
149,229,95.0,74.65805,Low risk,Medium risk,20.34195
149,230,94.0,76.68202,Low risk,Medium risk,17.317978
149,231,93.0,81.23096,Low risk,Medium risk,11.769043
149,232,92.0,79.23958,Low risk,Medium risk,12.760422
149,233,91.0,82.762146,Low risk,Medium risk,8.237854
149,234,90.0,75.9147,Medium risk,Medium risk,14.085297
149,235,89.0,83.28436,Medium risk,Medium risk,5.715637
149,236,88.0,85.66101,Medium risk,Medium risk,2.3389893
149,237,87.0,84.01543,Medium risk,Medium risk,2.9845734
149,238,86.0,77.77016,Medium risk,Medium risk,8.229843
149,239,85.0,79.89038,Medium risk,Medium risk,5.109619
149,240,84.0,89.35648,Medium risk,Medium risk,5.3564835
149,241,83.0,92.91054,Medium risk,Low risk,9.910538
149,242,82.0,91.87906,Medium risk,Low risk,9.879059
149,243,81.0,85.93977,Medium risk,Medium risk,4.9397736
149,244,80.0,76.51541,Medium risk,Medium risk,3.4845886
149,245,79.0,85.295204,Medium risk,Medium risk,6.295204
149,246,78.0,84.94289,Medium risk,Medium risk,6.9428864
149,247,77.0,84.2968,Medium risk,Medium risk,7.2967987
149,248,76.0,83.250534,Medium risk,Medium risk,7.250534
149,249,75.0,65.8125,Medium risk,Medium risk,9.1875
149,250,74.0,69.81926,Medium risk,Medium risk,4.1807404
149,251,73.0,72.980484,Medium risk,Medium risk,0.019515991
149,252,72.0,65.76442,Medium risk,Medium risk,6.2355804
149,253,71.0,64.06861,Medium risk,Medium risk,6.931389
149,254,70.0,61.491264,Medium risk,Medium risk,8.508736
149,255,69.0,65.20589,Medium risk,Medium risk,3.7941132
149,256,68.0,67.74634,Medium risk,Medium risk,0.2536621
149,257,67.0,61.366135,Medium risk,Medium risk,5.6338654
149,258,66.0,62.02118,Medium risk,Medium risk,3.9788208
149,259,65.0,56.756416,Medium risk,Medium risk,8.243584
149,260,64.0,53.888245,Medium risk,Medium risk,10.111755
149,261,63.0,59.951477,Medium risk,Medium risk,3.048523
149,262,62.0,62.673637,Medium risk,Medium risk,0.6736374
149,263,61.0,53.937912,Medium risk,Medium risk,7.062088
149,264,60.0,58.946312,Medium risk,Medium risk,1.053688
149,265,59.0,53.767975,Medium risk,Medium risk,5.232025
149,266,58.0,50.09266,Medium risk,Medium risk,7.907341
149,267,57.0,45.310204,Medium risk,Medium risk,11.689796
149,268,56.0,44.169205,Medium risk,High risk,11.830795
149,269,55.0,42.742844,Medium risk,High risk,12.257156
149,270,54.0,38.280266,Medium risk,High risk,15.719734
149,271,53.0,35.984077,Medium risk,High risk,17.015923
149,272,52.0,37.029217,Medium risk,High risk,14.970783
149,273,51.0,34.038475,Medium risk,High risk,16.961525
149,274,50.0,34.80143,Medium risk,High risk,15.19857
149,275,49.0,31.28062,Medium risk,High risk,17.71938
149,276,48.0,31.320038,Medium risk,High risk,16.679962
149,277,47.0,28.507923,Medium risk,High risk,18.492077
149,278,46.0,29.328136,Medium risk,High risk,16.671864
149,279,45.0,22.661493,High risk,High risk,22.338507
149,280,44.0,24.074543,High risk,High risk,19.925457
149,281,43.0,22.230713,High risk,High risk,20.769287
149,282,42.0,22.64555,High risk,High risk,19.35445
149,283,41.0,20.653313,High risk,High risk,20.346687
149,284,40.0,23.279087,High risk,High risk,16.720913
149,285,39.0,24.035023,High risk,High risk,14.964977
149,286,38.0,22.900803,High risk,High risk,15.099197
149,287,37.0,20.35356,High risk,High risk,16.64644
149,288,36.0,17.061611,High risk,High risk,18.938389
149,289,35.0,15.051017,High risk,High risk,19.948982
149,290,34.0,13.538405,High risk,High risk,20.461594
149,291,33.0,13.067502,High risk,High risk,19.932499
149,292,32.0,12.71878,High risk,High risk,19.28122
149,293,31.0,11.551429,High risk,High risk,19.44857
149,294,30.0,9.619553,High risk,High risk,20.380447
149,295,29.0,8.783879,High risk,High risk,20.216122
149,296,28.0,8.63998,High risk,High risk,19.36002
149,297,27.0,8.275031,High risk,High risk,18.724968
149,298,26.0,7.2802224,High risk,High risk,18.719778
149,299,25.0,6.7587333,High risk,High risk,18.241266
149,300,24.0,5.8495793,High risk,High risk,18.150421
149,301,23.0,5.0995183,High risk,High risk,17.900482
149,302,22.0,5.179192,High risk,High risk,16.820808
149,303,21.0,4.4591255,High risk,High risk,16.540874
156,55,96.0,115.84109,Low risk,Low risk,19.841087
156,56,95.0,117.2092,Low risk,Low risk,22.209198
156,57,94.0,111.23929,Low risk,Low risk,17.239288
156,58,93.0,113.86162,Low risk,Low risk,20.861618
156,59,92.0,115.16548,Low risk,Low risk,23.165482
156,60,91.0,114.9631,Low risk,Low risk,23.963097
156,61,90.0,114.98071,Medium risk,Low risk,24.980713
156,62,89.0,113.66179,Medium risk,Low risk,24.661789
156,63,88.0,105.34864,Medium risk,Low risk,17.34864
156,64,87.0,108.66682,Medium risk,Low risk,21.666817
156,65,86.0,99.35234,Medium risk,Low risk,13.352341
156,66,85.0,93.708725,Medium risk,Low risk,8.708725
156,67,84.0,86.94273,Medium risk,Medium risk,2.9427338
156,68,83.0,79.697845,Medium risk,Medium risk,3.3021545
156,69,82.0,73.29526,Medium risk,Medium risk,8.704742
156,70,81.0,73.17897,Medium risk,Medium risk,7.8210297
156,71,80.0,67.48839,Medium risk,Medium risk,12.511612
156,72,79.0,59.03775,Medium risk,Medium risk,19.96225
156,73,78.0,60.719364,Medium risk,Medium risk,17.280636
156,74,77.0,47.988247,Medium risk,Medium risk,29.011753
156,75,76.0,49.304993,Medium risk,Medium risk,26.695007
156,76,75.0,49.070312,Medium risk,Medium risk,25.929688
156,77,74.0,50.79258,Medium risk,Medium risk,23.20742
156,78,73.0,53.163177,Medium risk,Medium risk,19.836823
156,79,72.0,51.177795,Medium risk,Medium risk,20.822205
156,80,71.0,53.84935,Medium risk,Medium risk,17.15065
156,81,70.0,50.019203,Medium risk,Medium risk,19.980797
156,82,69.0,54.81705,Medium risk,Medium risk,14.182949
156,83,68.0,49.427864,Medium risk,Medium risk,18.572136
156,84,67.0,44.88669,Medium risk,High risk,22.113312
156,85,66.0,41.230873,Medium risk,High risk,24.769127
156,86,65.0,42.318268,Medium risk,High risk,22.681732
156,87,64.0,34.59215,Medium risk,High risk,29.407848
156,88,63.0,31.677029,Medium risk,High risk,31.322971
156,89,62.0,28.85456,Medium risk,High risk,33.14544
156,90,61.0,34.87072,Medium risk,High risk,26.12928
156,91,60.0,34.717094,Medium risk,High risk,25.282906
156,92,59.0,35.144974,Medium risk,High risk,23.855026
156,93,58.0,38.95575,Medium risk,High risk,19.04425
156,94,57.0,34.451683,Medium risk,High risk,22.548317
156,95,56.0,30.714355,Medium risk,High risk,25.285645
156,96,55.0,30.408691,Medium risk,High risk,24.591309
156,97,54.0,27.487125,Medium risk,High risk,26.512875
156,98,53.0,29.479845,Medium risk,High risk,23.520155
156,99,52.0,33.695168,Medium risk,High risk,18.304832
156,100,51.0,28.287687,Medium risk,High risk,22.712313
156,101,50.0,27.543877,Medium risk,High risk,22.456123
156,102,49.0,31.420116,Medium risk,High risk,17.579884
156,103,48.0,26.977556,Medium risk,High risk,21.022444
156,104,47.0,28.33223,Medium risk,High risk,18.66777
156,105,46.0,24.488487,Medium risk,High risk,21.511513
156,106,45.0,23.554636,High risk,High risk,21.445364
156,107,44.0,19.917368,High risk,High risk,24.082632
156,108,43.0,20.023148,High risk,High risk,22.976852
156,109,42.0,18.240555,High risk,High risk,23.759445
156,110,41.0,17.897717,High risk,High risk,23.102283
156,111,40.0,15.828801,High risk,High risk,24.1712
156,112,39.0,13.859057,High risk,High risk,25.140942
156,113,38.0,13.837694,High risk,High risk,24.162306
156,114,37.0,10.932839,High risk,High risk,26.067162
156,115,36.0,11.068453,High risk,High risk,24.931547
156,116,35.0,11.163855,High risk,High risk,23.836145
156,117,34.0,10.964339,High risk,High risk,23.03566
156,118,33.0,11.029696,High risk,High risk,21.970303
156,119,32.0,9.5943365,High risk,High risk,22.405663
156,120,31.0,10.429376,High risk,High risk,20.570625
156,121,30.0,8.850993,High risk,High risk,21.149006
156,122,29.0,8.30319,High risk,High risk,20.69681
156,123,28.0,7.5464077,High risk,High risk,20.453592
156,124,27.0,8.273665,High risk,High risk,18.726334
156,125,26.0,7.875547,High risk,High risk,18.124453
156,126,25.0,6.714458,High risk,High risk,18.285542
156,127,24.0,5.8696675,High risk,High risk,18.130333
156,128,23.0,5.3200984,High risk,High risk,17.679901
156,129,22.0,4.987378,High risk,High risk,17.012623
156,130,21.0,4.80111,High risk,High risk,16.19889
156,131,20.0,4.303352,High risk,High risk,15.696648
156,132,19.0,4.0368204,High risk,High risk,14.96318
156,133,18.0,3.989348,High risk,High risk,14.010653
156,134,17.0,3.8767076,High risk,High risk,13.123293
156,135,16.0,3.7998405,High risk,High risk,12.200159
156,136,15.0,3.8145483,High risk,High risk,11.1854515
176,55,125.0,124.19652,Low risk,Low risk,0.80348206
176,56,125.0,124.14923,Low risk,Low risk,0.85076904
176,57,125.0,124.04196,Low risk,Low risk,0.95803833
176,58,125.0,124.066536,Low risk,Low risk,0.93346405
176,59,125.0,123.98122,Low risk,Low risk,1.0187836
176,60,125.0,124.05101,Low risk,Low risk,0.94898987
176,61,125.0,124.15675,Low risk,Low risk,0.84324646
176,62,125.0,124.158295,Low risk,Low risk,0.8417053
176,63,125.0,124.24167,Low risk,Low risk,0.7583313
176,64,125.0,124.176575,Low risk,Low risk,0.8234253
176,65,125.0,124.07564,Low risk,Low risk,0.9243622
176,66,125.0,124.21979,Low risk,Low risk,0.7802124
176,67,125.0,124.18727,Low risk,Low risk,0.8127289
176,68,125.0,124.032715,Low risk,Low risk,0.96728516
176,69,125.0,123.73725,Low risk,Low risk,1.2627487
176,70,125.0,123.157845,Low risk,Low risk,1.8421555
176,71,125.0,122.47113,Low risk,Low risk,2.5288696
176,72,125.0,122.583084,Low risk,Low risk,2.416916
176,73,125.0,122.64982,Low risk,Low risk,2.3501816
176,74,125.0,121.85877,Low risk,Low risk,3.1412277
176,75,125.0,119.481125,Low risk,Low risk,5.518875
176,76,125.0,121.05789,Low risk,Low risk,3.9421082
176,77,125.0,117.53196,Low risk,Low risk,7.4680405
176,78,125.0,102.23139,Low risk,Low risk,22.768608
176,79,125.0,99.235794,Low risk,Low risk,25.764206
176,80,125.0,102.343796,Low risk,Low risk,22.656204
176,81,125.0,108.89313,Low risk,Low risk,16.106873
176,82,125.0,113.48831,Low risk,Low risk,11.511688
176,83,125.0,115.97675,Low risk,Low risk,9.023247
176,84,125.0,120.336205,Low risk,Low risk,4.6637955
176,85,125.0,121.1465,Low risk,Low risk,3.8535004
176,86,125.0,121.1659,Low risk,Low risk,3.8340988
176,87,125.0,121.7318,Low risk,Low risk,3.2682037
176,88,125.0,121.98937,Low risk,Low risk,3.0106277
176,89,125.0,122.51687,Low risk,Low risk,2.4831314
176,90,125.0,122.75236,Low risk,Low risk,2.2476425
176,91,124.0,123.70817,Low risk,Low risk,0.29183197
176,92,123.0,122.892075,Low risk,Low risk,0.107925415
176,93,122.0,123.23292,Low risk,Low risk,1.2329178
176,94,121.0,123.447464,Low risk,Low risk,2.447464
176,95,120.0,123.65446,Low risk,Low risk,3.654457
176,96,119.0,123.821236,Low risk,Low risk,4.8212357
176,97,118.0,124.11525,Low risk,Low risk,6.1152496
176,98,117.0,124.13733,Low risk,Low risk,7.137329
176,99,116.0,124.14249,Low risk,Low risk,8.142487
176,100,115.0,123.69036,Low risk,Low risk,8.690361
176,101,114.0,123.793976,Low risk,Low risk,9.793976
176,102,113.0,123.54666,Low risk,Low risk,10.546661
176,103,112.0,123.47357,Low risk,Low risk,11.473572
176,104,111.0,123.572296,Low risk,Low risk,12.572296
176,105,110.0,123.84673,Low risk,Low risk,13.846733
176,106,109.0,123.465805,Low risk,Low risk,14.465805
176,107,108.0,122.65553,Low risk,Low risk,14.655533
176,108,107.0,120.597855,Low risk,Low risk,13.597855
176,109,106.0,115.97633,Low risk,Low risk,9.976334
176,110,105.0,119.59762,Low risk,Low risk,14.597618
176,111,104.0,122.13228,Low risk,Low risk,18.132278
176,112,103.0,118.53595,Low risk,Low risk,15.53595
176,113,102.0,113.96709,Low risk,Low risk,11.967087
176,114,101.0,115.36473,Low risk,Low risk,14.364731
176,115,100.0,109.08925,Low risk,Low risk,9.089249
176,116,99.0,114.57911,Low risk,Low risk,15.579109
176,117,98.0,108.85445,Low risk,Low risk,10.854446
176,118,97.0,100.16731,Low risk,Low risk,3.1673126
176,119,96.0,101.17018,Low risk,Low risk,5.1701813
176,120,95.0,104.39477,Low risk,Low risk,9.394768
176,121,94.0,104.07669,Low risk,Low risk,10.076691
176,122,93.0,95.78182,Low risk,Low risk,2.7818222
176,123,92.0,73.685646,Low risk,Medium risk,18.314354
176,124,91.0,75.2775,Low risk,Medium risk,15.722504
176,125,90.0,65.24266,Medium risk,Medium risk,24.75734
176,126,89.0,65.487366,Medium risk,Medium risk,23.512634
176,127,88.0,74.5588,Medium risk,Medium risk,13.4412
176,128,87.0,64.57123,Medium risk,Medium risk,22.428772
176,129,86.0,64.34853,Medium risk,Medium risk,21.651466
176,130,85.0,56.212406,Medium risk,Medium risk,28.787594
176,131,84.0,52.95259,Medium risk,Medium risk,31.04741
176,132,83.0,62.561157,Medium risk,Medium risk,20.438843
176,133,82.0,71.08794,Medium risk,Medium risk,10.912064
176,134,81.0,60.594173,Medium risk,Medium risk,20.405827
176,135,80.0,58.992706,Medium risk,Medium risk,21.007294
176,136,79.0,51.503876,Medium risk,Medium risk,27.496124
176,137,78.0,53.884468,Medium risk,Medium risk,24.115532
176,138,77.0,59.141045,Medium risk,Medium risk,17.858955
176,139,76.0,59.62561,Medium risk,Medium risk,16.37439
176,140,75.0,58.077057,Medium risk,Medium risk,16.922943
176,141,74.0,57.85087,Medium risk,Medium risk,16.149132
176,142,73.0,57.366837,Medium risk,Medium risk,15.633163
176,143,72.0,62.55661,Medium risk,Medium risk,9.44339
176,144,71.0,61.582924,Medium risk,Medium risk,9.417076
176,145,70.0,67.538284,Medium risk,Medium risk,2.4617157
176,146,69.0,65.62573,Medium risk,Medium risk,3.3742676
176,147,68.0,61.936584,Medium risk,Medium risk,6.0634155
176,148,67.0,64.32004,Medium risk,Medium risk,2.6799622
176,149,66.0,62.237667,Medium risk,Medium risk,3.762333
176,150,65.0,55.54205,Medium risk,Medium risk,9.457951
176,151,64.0,54.343964,Medium risk,Medium risk,9.656036
176,152,63.0,52.62856,Medium risk,Medium risk,10.371441
176,153,62.0,51.26796,Medium risk,Medium risk,10.73204
176,154,61.0,48.071507,Medium risk,Medium risk,12.9284935
176,155,60.0,48.81618,Medium risk,Medium risk,11.183819
176,156,59.0,54.19896,Medium risk,Medium risk,4.8010406
176,157,58.0,49.10173,Medium risk,Medium risk,8.89827
176,158,57.0,43.041126,Medium risk,High risk,13.958874
176,159,56.0,39.052647,Medium risk,High risk,16.947353
176,160,55.0,39.216866,Medium risk,High risk,15.783134
176,161,54.0,37.14407,Medium risk,High risk,16.85593
176,162,53.0,37.60144,Medium risk,High risk,15.39856
176,163,52.0,35.171654,Medium risk,High risk,16.828346
176,164,51.0,34.015015,Medium risk,High risk,16.984985
176,165,50.0,35.824043,Medium risk,High risk,14.175957
176,166,49.0,34.77757,Medium risk,High risk,14.222431
176,167,48.0,28.899874,Medium risk,High risk,19.100126
176,168,47.0,25.40084,Medium risk,High risk,21.59916
176,169,46.0,26.679207,Medium risk,High risk,19.320793
176,170,45.0,25.254105,High risk,High risk,19.745895
176,171,44.0,25.917336,High risk,High risk,18.082664
176,172,43.0,22.998686,High risk,High risk,20.001314
176,173,42.0,19.784393,High risk,High risk,22.215607
176,174,41.0,21.169544,High risk,High risk,19.830456
176,175,40.0,20.547182,High risk,High risk,19.452818
176,176,39.0,23.88116,High risk,High risk,15.118839
176,177,38.0,20.159616,High risk,High risk,17.840384
176,178,37.0,16.504059,High risk,High risk,20.495941
176,179,36.0,15.704734,High risk,High risk,20.295265
176,180,35.0,14.594327,High risk,High risk,20.405674
176,181,34.0,17.351177,High risk,High risk,16.648823
176,182,33.0,15.316259,High risk,High risk,17.68374
176,183,32.0,13.618149,High risk,High risk,18.381851
176,184,31.0,12.341203,High risk,High risk,18.658798
176,185,30.0,12.00508,High risk,High risk,17.994919
176,186,29.0,9.498853,High risk,High risk,19.501148
176,187,28.0,9.290874,High risk,High risk,18.709126
176,188,27.0,7.552839,High risk,High risk,19.44716
176,189,26.0,7.456819,High risk,High risk,18.54318
176,190,25.0,6.9325867,High risk,High risk,18.067413
176,191,24.0,6.1844206,High risk,High risk,17.815578
176,192,23.0,5.8043756,High risk,High risk,17.195625
176,193,22.0,5.208467,High risk,High risk,16.791533
176,194,21.0,4.283667,High risk,High risk,16.716333
176,195,20.0,4.0059114,High risk,High risk,15.994089
176,196,19.0,3.564068,High risk,High risk,15.435932
176,197,18.0,3.2145877,High risk,High risk,14.785412
176,198,17.0,2.9833865,High risk,High risk,14.016613
176,199,16.0,2.900867,High risk,High risk,13.099133
176,200,15.0,2.8684673,High risk,High risk,12.131533
176,201,14.0,2.7660165,High risk,High risk,11.233984
176,202,13.0,2.7436345,High risk,High risk,10.256366
176,203,12.0,2.6994696,High risk,High risk,9.30053
176,204,11.0,2.6294346,High risk,High risk,8.370565
176,205,10.0,2.6115642,High risk,High risk,7.388436
